dataset,feature,grid_value,target,mean_prediction
chf,L (m),0.6067879836012529,target_1,2824.5986248378463
chf,L (m),0.9751877394916225,target_1,2409.0282655365436
chf,L (m),1.3435874953819922,target_1,1997.4818141789058
chf,L (m),1.711987251272362,target_1,1796.185877787746
chf,L (m),2.0803870071627317,target_1,1626.3786092355374
chf,L (m),2.448786763053101,target_1,1547.6544845758756
chf,L (m),2.817186518943471,target_1,1453.298595652813
chf,L (m),3.185586274833841,target_1,1348.4352652618932
chf,L (m),3.55398603072421,target_1,1336.399568850284
chf,L (m),3.92238578661458,target_1,1310.4826052375593
chf,L (m),4.290785542504949,target_1,1273.8847279985782
chf,L (m),4.659185298395319,target_1,1242.5476642458002
chf,L (m),5.027585054285689,target_1,1190.9694244183313
chf,L (m),5.395984810176058,target_1,1177.9485309030968
chf,L (m),5.764384566066428,target_1,1165.512897064008
chf,Xe (-),-0.07456795587350339,target_1,3202.625880049962
chf,Xe (-),-0.011490405836239684,target_1,3007.41473003083
chf,Xe (-),0.05158714420102402,target_1,2570.4053788558176
chf,Xe (-),0.11466469423828772,target_1,2139.4919455077693
chf,Xe (-),0.1777422442755514,target_1,2006.7326301553728
chf,Xe (-),0.24081979431281508,target_1,1855.150058595505
chf,Xe (-),0.3038973443500788,target_1,1748.3153352627064
chf,Xe (-),0.36697489438734254,target_1,1674.8663664042667
chf,Xe (-),0.4300524444246062,target_1,1612.2807633479295
chf,Xe (-),0.4931299944618699,target_1,1586.0641038363885
chf,Xe (-),0.5562075444991336,target_1,1554.1843816901753
chf,Xe (-),0.6192850945363974,target_1,1532.1015702025643
chf,Xe (-),0.682362644573661,target_1,1494.3695594859996
chf,Xe (-),0.7454401946109247,target_1,1449.4674355244388
chf,Xe (-),0.8085177446481885,target_1,1398.9527260899235
heat,qprime,36748.06063719584,target_1,1109.159236057315
heat,qprime,37218.76364067346,target_1,1129.4366620850747
heat,qprime,37689.466644151085,target_1,1142.4011048156044
heat,qprime,38160.1696476287,target_1,1149.8929686300412
heat,qprime,38630.87265110632,target_1,1161.806436365228
heat,qprime,39101.57565458394,target_1,1173.3853735074754
heat,qprime,39572.278658061565,target_1,1186.8878325162539
heat,qprime,40042.98166153918,target_1,1397.179064492635
heat,qprime,40513.6846650168,target_1,1410.6055881767952
heat,qprime,40984.387668494426,target_1,1420.621261469735
heat,qprime,41455.090671972044,target_1,1434.9067351224005
heat,qprime,41925.79367544966,target_1,1448.0532984427578
heat,qprime,42396.49667892729,target_1,1459.3356010710102
heat,qprime,42867.199682404906,target_1,1473.9702090569115
heat,qprime,43337.902685882524,target_1,1483.0043104390686
heat,k,0.9485836096251229,target_1,1229.7326602146666
heat,k,0.9555015604687357,target_1,1234.4316899260705
heat,k,0.9624195113123485,target_1,1243.603216216147
heat,k,0.9693374621559613,target_1,1249.6281519392924
heat,k,0.9762554129995741,target_1,1259.0924763777339
heat,k,0.9831733638431869,target_1,1268.9298800950564
heat,k,0.9900913146867997,target_1,1282.346948564301
heat,k,0.9970092655304126,target_1,1288.7240986751012
heat,k,1.0039272163740254,target_1,1301.1189703081286
heat,k,1.0108451672176382,target_1,1309.0704502721126
heat,k,1.017763118061251,target_1,1322.3962502322568
heat,k,1.0246810689048638,target_1,1334.6751782265521
heat,k,1.0315990197484766,target_1,1344.3260666958504
heat,k,1.0385169705920894,target_1,1352.6282536368426
heat,k,1.0454349214357022,target_1,1359.3006552534932
xs,FissionThermal,0.1288209,target_1,1.2426501496352593
xs,FissionThermal,0.12898079999999998,target_1,1.243866983034113
xs,FissionThermal,0.1291407,target_1,1.2450838164329667
xs,FissionThermal,0.1293006,target_1,1.2463006498318203
xs,FissionThermal,0.12946049999999998,target_1,1.247517483230674
xs,FissionThermal,0.1296204,target_1,1.2487343166295277
xs,FissionThermal,0.1297803,target_1,1.249951150028381
xs,FissionThermal,0.1299402,target_1,1.2511679834272351
xs,FissionThermal,0.1301001,target_1,1.2523848168260887
xs,FissionThermal,0.13026,target_1,1.2536016502249423
xs,FissionThermal,0.1304199,target_1,1.254818483623796
xs,FissionThermal,0.1305798,target_1,1.2560353170226497
xs,FissionThermal,0.1307397,target_1,1.2572521504215033
xs,FissionThermal,0.1308996,target_1,1.258468983820357
xs,FissionThermal,0.1310595,target_1,1.2596858172192105
xs,CaptureFast,0.009252531999999999,target_1,1.258232510966427
xs,CaptureFast,0.00927210132142857,target_1,1.2572376334976183
xs,CaptureFast,0.009291670642857143,target_1,1.2562427560288096
xs,CaptureFast,0.009311239964285714,target_1,1.2552478785600008
xs,CaptureFast,0.009330809285714285,target_1,1.254253001091192
xs,CaptureFast,0.009350378607142856,target_1,1.2532581236223834
xs,CaptureFast,0.009369947928571428,target_1,1.2522632461535748
xs,CaptureFast,0.00938951725,target_1,1.251268368684766
xs,CaptureFast,0.009409086571428572,target_1,1.2502734912159572
xs,CaptureFast,0.009428655892857143,target_1,1.2492786137471483
xs,CaptureFast,0.009448225214285715,target_1,1.2482837362783399
xs,CaptureFast,0.009467794535714285,target_1,1.2472888588095312
xs,CaptureFast,0.009487363857142857,target_1,1.2462939813407223
xs,CaptureFast,0.009506933178571429,target_1,1.2452991038719137
xs,CaptureFast,0.0095265025,target_1,1.244304226403105
bwr,CRD,1.0,target_1,0.7036969071846589
bwr,CRD,1.0,target_2,7.299414638784624
bwr,CRD,1.0,target_3,7.8533754899892445
bwr,CRD,1.0,target_4,1.5292631572169852
bwr,CRD,1.0,target_5,1.8528414635330877
bwr,CRD,4.142857142857142,target_1,0.7611392351683256
bwr,CRD,4.142857142857142,target_2,5.349780581459556
bwr,CRD,4.142857142857142,target_3,5.682986405098286
bwr,CRD,4.142857142857142,target_4,1.526252151684953
bwr,CRD,4.142857142857142,target_5,1.8398290899065954
bwr,CRD,7.285714285714286,target_1,0.8511742697273021
bwr,CRD,7.285714285714286,target_2,5.810065521854697
bwr,CRD,7.285714285714286,target_3,5.97980043741572
bwr,CRD,7.285714285714286,target_4,1.5616044916209142
bwr,CRD,7.285714285714286,target_5,1.88179227695914
bwr,CRD,10.428571428571429,target_1,0.9085104140864635
bwr,CRD,10.428571428571429,target_2,5.95683051595561
bwr,CRD,10.428571428571429,target_3,6.278961533026697
bwr,CRD,10.428571428571429,target_4,1.7621293883952216
bwr,CRD,10.428571428571429,target_5,1.895460583451599
bwr,CRD,13.571428571428571,target_1,0.9447009672116118
bwr,CRD,13.571428571428571,target_2,5.348202570539963
bwr,CRD,13.571428571428571,target_3,5.621396760446824
bwr,CRD,13.571428571428571,target_4,1.8490695455580868
bwr,CRD,13.571428571428571,target_5,1.8954621910287879
bwr,CRD,16.714285714285715,target_1,0.9604578436824266
bwr,CRD,16.714285714285715,target_2,4.954555184878973
bwr,CRD,16.714285714285715,target_3,5.150253560047759
bwr,CRD,16.714285714285715,target_4,1.824113252675034
bwr,CRD,16.714285714285715,target_5,1.8870521445671156
bwr,CRD,19.857142857142858,target_1,0.9702977100415029
bwr,CRD,19.857142857142858,target_2,4.5852582097797026
bwr,CRD,19.857142857142858,target_3,4.692562521106811
bwr,CRD,19.857142857142858,target_4,1.7149423071636887
bwr,CRD,19.857142857142858,target_5,1.829100134156424
bwr,CRD,23.0,target_1,0.9770885551421006
bwr,CRD,23.0,target_2,4.046466924796119
bwr,CRD,23.0,target_3,4.117920318778469
bwr,CRD,23.0,target_4,1.6036487523054712
bwr,CRD,23.0,target_5,1.8289011805112596
bwr,CRD,26.142857142857142,target_1,0.9816540685045672
bwr,CRD,26.142857142857142,target_2,3.464052146297699
bwr,CRD,26.142857142857142,target_3,3.491439777231088
bwr,CRD,26.142857142857142,target_4,1.504861213513816
bwr,CRD,26.142857142857142,target_5,1.8289011805112596
bwr,CRD,29.285714285714285,target_1,0.9845033216806255
bwr,CRD,29.285714285714285,target_2,2.9444169995708673
bwr,CRD,29.285714285714285,target_3,3.016276405305652
bwr,CRD,29.285714285714285,target_4,1.4174799457422314
bwr,CRD,29.285714285714285,target_5,1.8289011805112596
bwr,CRD,32.42857142857143,target_1,0.987166773255546
bwr,CRD,32.42857142857143,target_2,2.7569478454292433
bwr,CRD,32.42857142857143,target_3,2.8422803596351986
bwr,CRD,32.42857142857143,target_4,1.340836981122881
bwr,CRD,32.42857142857143,target_5,1.8289011805112596
bwr,CRD,35.57142857142857,target_1,0.9894416529094954
bwr,CRD,35.57142857142857,target_2,2.6075842102462725
bwr,CRD,35.57142857142857,target_3,2.6838632264525195
bwr,CRD,35.57142857142857,target_4,1.318789900720535
bwr,CRD,35.57142857142857,target_5,1.8289011805112596
bwr,CRD,38.714285714285715,target_1,0.9913730821430867
bwr,CRD,38.714285714285715,target_2,2.5189373263564656
bwr,CRD,38.714285714285715,target_3,2.6006572453231254
bwr,CRD,38.714285714285715,target_4,1.3072494911034978
bwr,CRD,38.714285714285715,target_5,1.8289011805112596
bwr,CRD,41.857142857142854,target_1,0.9927526527705132
bwr,CRD,41.857142857142854,target_2,2.500637436755813
bwr,CRD,41.857142857142854,target_3,2.575540572966255
bwr,CRD,41.857142857142854,target_4,1.2925707806276459
bwr,CRD,41.857142857142854,target_5,1.8289011805112596
bwr,CRD,45.0,target_1,0.9934393307481012
bwr,CRD,45.0,target_2,2.500637436755813
bwr,CRD,45.0,target_3,2.575540572966255
bwr,CRD,45.0,target_4,1.2820041109148663
bwr,CRD,45.0,target_5,1.8289011805112596
bwr,vanA,285.79580000000004,target_1,0.9335857550821749
bwr,vanA,285.79580000000004,target_2,4.218517605218203
bwr,vanA,285.79580000000004,target_3,4.344896498657039
bwr,vanA,285.79580000000004,target_4,1.5338235989930982
bwr,vanA,285.79580000000004,target_5,1.8471187892525833
bwr,vanA,290.7465964285715,target_1,0.9335857550821749
bwr,vanA,290.7465964285715,target_2,4.222932419958524
bwr,vanA,290.7465964285715,target_3,4.351160796211767
bwr,vanA,290.7465964285715,target_4,1.533099740105796
bwr,vanA,290.7465964285715,target_5,1.8471187892525833
bwr,vanA,295.6973928571429,target_1,0.9331808134588868
bwr,vanA,295.6973928571429,target_2,4.222932419958524
bwr,vanA,295.6973928571429,target_3,4.356691894733965
bwr,vanA,295.6973928571429,target_4,1.533257800079335
bwr,vanA,295.6973928571429,target_5,1.8471175660359327
bwr,vanA,300.6481892857143,target_1,0.9331074879208109
bwr,vanA,300.6481892857143,target_2,4.220855266835181
bwr,vanA,300.6481892857143,target_3,4.354701596583819
bwr,vanA,300.6481892857143,target_4,1.533257800079335
bwr,vanA,300.6481892857143,target_5,1.8471175660359327
bwr,vanA,305.59898571428573,target_1,0.9308337384713015
bwr,vanA,305.59898571428573,target_2,4.221708683649836
bwr,vanA,305.59898571428573,target_3,4.360662824289044
bwr,vanA,305.59898571428573,target_4,1.5122055665691618
bwr,vanA,305.59898571428573,target_5,1.8489527726306798
bwr,vanA,310.54978214285717,target_1,0.9294413253127877
bwr,vanA,310.54978214285717,target_2,4.223855499734464
bwr,vanA,310.54978214285717,target_3,4.371909823986458
bwr,vanA,310.54978214285717,target_4,1.5110991846635198
bwr,vanA,310.54978214285717,target_5,1.8489527726306798
bwr,vanA,315.5005785714286,target_1,0.9288341819296286
bwr,vanA,315.5005785714286,target_2,4.246964601174248
bwr,vanA,315.5005785714286,target_3,4.3825128069602295
bwr,vanA,315.5005785714286,target_4,1.50780136035932
bwr,vanA,315.5005785714286,target_5,1.8489527726306798
bwr,vanA,320.451375,target_1,0.9283414291504483
bwr,vanA,320.451375,target_2,4.263129130711668
bwr,vanA,320.451375,target_3,4.392316041043987
bwr,vanA,320.451375,target_4,1.5053024601470832
bwr,vanA,320.451375,target_5,1.8505844937986748
bwr,vanA,325.4021714285714,target_1,0.9271181142880885
bwr,vanA,325.4021714285714,target_2,4.264590025277945
bwr,vanA,325.4021714285714,target_3,4.40656627860061
bwr,vanA,325.4021714285714,target_4,1.500084393406345
bwr,vanA,325.4021714285714,target_5,1.8507612504795403
bwr,vanA,330.35296785714286,target_1,0.9265673282604295
bwr,vanA,330.35296785714286,target_2,4.262896980454157
bwr,vanA,330.35296785714286,target_3,4.40656627860061
bwr,vanA,330.35296785714286,target_4,1.4993652825365393
bwr,vanA,330.35296785714286,target_5,1.8510140940236874
bwr,vanA,335.3037642857143,target_1,0.9245067649384486
bwr,vanA,335.3037642857143,target_2,4.292073023170302
bwr,vanA,335.3037642857143,target_3,4.413732206673753
bwr,vanA,335.3037642857143,target_4,1.4994962249609154
bwr,vanA,335.3037642857143,target_5,1.8473385095582557
bwr,vanA,340.25456071428573,target_1,0.9320597714659027
bwr,vanA,340.25456071428573,target_2,4.2412902754551745
bwr,vanA,340.25456071428573,target_3,4.35000425896968
bwr,vanA,340.25456071428573,target_4,1.527094993645004
bwr,vanA,340.25456071428573,target_5,1.84302711367893
bwr,vanA,345.2053571428571,target_1,0.9320597714659027
bwr,vanA,345.2053571428571,target_2,4.2413768621602275
bwr,vanA,345.2053571428571,target_3,4.35000425896968
bwr,vanA,345.2053571428571,target_4,1.5270879208955233
bwr,vanA,345.2053571428571,target_5,1.8429960193580017
bwr,vanA,350.15615357142855,target_1,0.9320597714659027
bwr,vanA,350.15615357142855,target_2,4.2413768621602275
bwr,vanA,350.15615357142855,target_3,4.35000425896968
bwr,vanA,350.15615357142855,target_4,1.5270879208955233
bwr,vanA,350.15615357142855,target_5,1.8429941493340405
bwr,vanA,355.10695,target_1,0.9320597714659027
bwr,vanA,355.10695,target_2,4.2413768621602275
bwr,vanA,355.10695,target_3,4.35000425896968
bwr,vanA,355.10695,target_4,1.5271647861417847
bwr,vanA,355.10695,target_5,1.8429934611041279
fp,ax_pow,0.9641665,target_1,2.9859960941417374e-05
fp,ax_pow,0.9641665,target_2,1543.1073160365354
fp,ax_pow,0.9641665,target_3,699.2666761460887
fp,ax_pow,0.9641665,target_4,1.823696264306935e-05
fp,ax_pow,0.9696896071428571,target_1,3.0031345321508727e-05
fp,ax_pow,0.9696896071428571,target_2,1550.6588471587927
fp,ax_pow,0.9696896071428571,target_3,699.760349773276
fp,ax_pow,0.9696896071428571,target_4,1.839402247728935e-05
fp,ax_pow,0.9752127142857143,target_1,3.0202729701600084e-05
fp,ax_pow,0.9752127142857143,target_2,1558.2103782810495
fp,ax_pow,0.9752127142857143,target_3,700.2540234004633
fp,ax_pow,0.9752127142857143,target_4,1.855108231150936e-05
fp,ax_pow,0.9807358214285715,target_1,3.0374114081691445e-05
fp,ax_pow,0.9807358214285715,target_2,1565.7619094033068
fp,ax_pow,0.9807358214285715,target_3,700.7476970276506
fp,ax_pow,0.9807358214285715,target_4,1.870814214572937e-05
fp,ax_pow,0.9862589285714286,target_1,3.0545498461782795e-05
fp,ax_pow,0.9862589285714286,target_2,1573.3134405255637
fp,ax_pow,0.9862589285714286,target_3,701.2413706548379
fp,ax_pow,0.9862589285714286,target_4,1.8865201979949367e-05
fp,ax_pow,0.9917820357142857,target_1,3.071688284187415e-05
fp,ax_pow,0.9917820357142857,target_2,1580.8649716478208
fp,ax_pow,0.9917820357142857,target_3,701.7350442820252
fp,ax_pow,0.9917820357142857,target_4,1.9022261814169372e-05
fp,ax_pow,0.9973051428571429,target_1,3.088826722196551e-05
fp,ax_pow,0.9973051428571429,target_2,1588.4165027700778
fp,ax_pow,0.9973051428571429,target_3,702.2287179092125
fp,ax_pow,0.9973051428571429,target_4,1.917932164838938e-05
fp,ax_pow,1.00282825,target_1,3.105965160205686e-05
fp,ax_pow,1.00282825,target_2,1595.968033892335
fp,ax_pow,1.00282825,target_3,702.7223915363999
fp,ax_pow,1.00282825,target_4,1.9336381482609386e-05
fp,ax_pow,1.0083513571428573,target_1,3.123103598214822e-05
fp,ax_pow,1.0083513571428573,target_2,1603.519565014592
fp,ax_pow,1.0083513571428573,target_3,703.2160651635871
fp,ax_pow,1.0083513571428573,target_4,1.9493441316829392e-05
fp,ax_pow,1.0138744642857143,target_1,3.140242036223957e-05
fp,ax_pow,1.0138744642857143,target_2,1611.071096136849
fp,ax_pow,1.0138744642857143,target_3,703.7097387907745
fp,ax_pow,1.0138744642857143,target_4,1.9650501151049394e-05
fp,ax_pow,1.0193975714285715,target_1,3.157380474233093e-05
fp,ax_pow,1.0193975714285715,target_2,1618.6226272591061
fp,ax_pow,1.0193975714285715,target_3,704.2034124179618
fp,ax_pow,1.0193975714285715,target_4,1.98075609852694e-05
fp,ax_pow,1.0249206785714287,target_1,3.174518912242229e-05
fp,ax_pow,1.0249206785714287,target_2,1626.1741583813632
fp,ax_pow,1.0249206785714287,target_3,704.697086045149
fp,ax_pow,1.0249206785714287,target_4,1.9964620819489404e-05
fp,ax_pow,1.0304437857142856,target_1,3.191657350251364e-05
fp,ax_pow,1.0304437857142856,target_2,1633.72568950362
fp,ax_pow,1.0304437857142856,target_3,705.1907596723364
fp,ax_pow,1.0304437857142856,target_4,2.0121680653709406e-05
fp,ax_pow,1.0359668928571428,target_1,3.2087957882604995e-05
fp,ax_pow,1.0359668928571428,target_2,1641.2772206258771
fp,ax_pow,1.0359668928571428,target_3,705.6844332995237
fp,ax_pow,1.0359668928571428,target_4,2.027874048792941e-05
fp,ax_pow,1.04149,target_1,3.225934226269635e-05
fp,ax_pow,1.04149,target_2,1648.8287517481338
fp,ax_pow,1.04149,target_3,706.178106926711
fp,ax_pow,1.04149,target_4,2.0435800322149417e-05
fp,clad_T,594.6175,target_1,3.097881532244053e-05
fp,clad_T,594.6175,target_2,1573.508686362383
fp,clad_T,594.6175,target_3,692.7693633119231
fp,clad_T,594.6175,target_4,1.8686599866064015e-05
fp,clad_T,595.997,target_1,3.097871513722335e-05
fp,clad_T,595.997,target_2,1576.1358259704698
fp,clad_T,595.997,target_3,694.1226462184021
fp,clad_T,595.997,target_4,1.8766676689182647e-05
fp,clad_T,597.3765,target_1,3.097861495200617e-05
fp,clad_T,597.3765,target_2,1578.7629655785568
fp,clad_T,597.3765,target_3,695.4759291248811
fp,clad_T,597.3765,target_4,1.8846753512301283e-05
fp,clad_T,598.756,target_1,3.0978514766788996e-05
fp,clad_T,598.756,target_2,1581.3901051866437
fp,clad_T,598.756,target_3,696.8292120313599
fp,clad_T,598.756,target_4,1.8926830335419923e-05
fp,clad_T,600.1355,target_1,3.097841458157181e-05
fp,clad_T,600.1355,target_2,1584.0172447947302
fp,clad_T,600.1355,target_3,698.182494937839
fp,clad_T,600.1355,target_4,1.9006907158538555e-05
fp,clad_T,601.515,target_1,3.097831439635464e-05
fp,clad_T,601.515,target_2,1586.644384402817
fp,clad_T,601.515,target_3,699.5357778443179
fp,clad_T,601.515,target_4,1.908698398165719e-05
fp,clad_T,602.8945,target_1,3.097821421113745e-05
fp,clad_T,602.8945,target_2,1589.271524010904
fp,clad_T,602.8945,target_3,700.8890607507968
fp,clad_T,602.8945,target_4,1.9167060804775828e-05
fp,clad_T,604.2739999999999,target_1,3.097811402592028e-05
fp,clad_T,604.2739999999999,target_2,1591.8986636189904
fp,clad_T,604.2739999999999,target_3,702.2423436572757
fp,clad_T,604.2739999999999,target_4,1.9247137627894457e-05
fp,clad_T,605.6534999999999,target_1,3.097801384070309e-05
fp,clad_T,605.6534999999999,target_2,1594.5258032270772
fp,clad_T,605.6534999999999,target_3,703.5956265637545
fp,clad_T,605.6534999999999,target_4,1.9327214451013093e-05
fp,clad_T,607.0329999999999,target_1,3.097791365548593e-05
fp,clad_T,607.0329999999999,target_2,1597.1529428351641
fp,clad_T,607.0329999999999,target_3,704.9489094702335
fp,clad_T,607.0329999999999,target_4,1.9407291274131732e-05
fp,clad_T,608.4124999999999,target_1,3.097781347026874e-05
fp,clad_T,608.4124999999999,target_2,1599.780082443251
fp,clad_T,608.4124999999999,target_3,706.3021923767125
fp,clad_T,608.4124999999999,target_4,1.948736809725036e-05
fp,clad_T,609.7919999999999,target_1,3.0977713285051566e-05
fp,clad_T,609.7919999999999,target_2,1602.4072220513376
fp,clad_T,609.7919999999999,target_3,707.6554752831914
fp,clad_T,609.7919999999999,target_4,1.9567444920368998e-05
fp,clad_T,611.1714999999999,target_1,3.097761309983438e-05
fp,clad_T,611.1714999999999,target_2,1605.0343616594243
fp,clad_T,611.1714999999999,target_3,709.0087581896703
fp,clad_T,611.1714999999999,target_4,1.9647521743487637e-05
fp,clad_T,612.5509999999999,target_1,3.0977512914617204e-05
fp,clad_T,612.5509999999999,target_2,1607.6615012675113
fp,clad_T,612.5509999999999,target_3,710.3620410961494
fp,clad_T,612.5509999999999,target_4,1.9727598566606273e-05
fp,clad_T,613.9304999999999,target_1,3.0977412729400026e-05
fp,clad_T,613.9304999999999,target_2,1610.288640875598
fp,clad_T,613.9304999999999,target_3,711.7153240026282
fp,clad_T,613.9304999999999,target_4,1.980767538972491e-05
rea,rod_worth,0.008086786031157844,target_1,74.3202546984659
rea,rod_worth,0.008086786031157844,target_2,0.4804662041541552
rea,rod_worth,0.008086786031157844,target_3,881.0414749490099
rea,rod_worth,0.008086786031157844,target_4,560.3253487396383
rea,rod_worth,0.00817747642296036,target_1,87.35961593978467
rea,rod_worth,0.00817747642296036,target_2,0.44143434629639783
rea,rod_worth,0.00817747642296036,target_3,888.918375120624
rea,rod_worth,0.00817747642296036,target_4,560.4185071263008
rea,rod_worth,0.008268166814762876,target_1,101.69971094477063
rea,rod_worth,0.008268166814762876,target_2,0.4024604864052496
rea,rod_worth,0.008268166814762876,target_3,894.216861845704
rea,rod_worth,0.008268166814762876,target_4,560.4951844324376
rea,rod_worth,0.008358857206565392,target_1,121.56747746189156
rea,rod_worth,0.008358857206565392,target_2,0.37781051990087894
rea,rod_worth,0.008358857206565392,target_3,904.2942501703072
rea,rod_worth,0.008358857206565392,target_4,560.6130977450489
rea,rod_worth,0.008449547598367909,target_1,142.88609917141537
rea,rod_worth,0.008449547598367909,target_2,0.35870089356769097
rea,rod_worth,0.008449547598367909,target_3,907.2594021984962
rea,rod_worth,0.008449547598367909,target_4,560.6854965946332
rea,rod_worth,0.008540237990170424,target_1,163.61003888644711
rea,rod_worth,0.008540237990170424,target_2,0.3442904878687515
rea,rod_worth,0.008540237990170424,target_3,914.9935631439241
rea,rod_worth,0.008540237990170424,target_4,560.8351513212857
rea,rod_worth,0.00863092838197294,target_1,185.80174371229862
rea,rod_worth,0.00863092838197294,target_2,0.3314967732171534
rea,rod_worth,0.00863092838197294,target_3,921.6430499073626
rea,rod_worth,0.00863092838197294,target_4,560.9325943530107
rea,rod_worth,0.008721618773775457,target_1,221.0434094350493
rea,rod_worth,0.008721618773775457,target_2,0.3200903612521897
rea,rod_worth,0.008721618773775457,target_3,928.2132562670929
rea,rod_worth,0.008721618773775457,target_4,561.0749778086753
rea,rod_worth,0.008812309165577972,target_1,254.12078173310226
rea,rod_worth,0.008812309165577972,target_2,0.30206315001161954
rea,rod_worth,0.008812309165577972,target_3,935.4048631460298
rea,rod_worth,0.008812309165577972,target_4,561.2687612502216
rea,rod_worth,0.008902999557380489,target_1,279.79718261286575
rea,rod_worth,0.008902999557380489,target_2,0.2941459419218211
rea,rod_worth,0.008902999557380489,target_3,939.3681811637813
rea,rod_worth,0.008902999557380489,target_4,561.3264406746409
rea,rod_worth,0.008993689949183004,target_1,338.4617267376497
rea,rod_worth,0.008993689949183004,target_2,0.28331614513891296
rea,rod_worth,0.008993689949183004,target_3,946.3570283040922
rea,rod_worth,0.008993689949183004,target_4,561.5139630068732
rea,rod_worth,0.00908438034098552,target_1,376.23997522884565
rea,rod_worth,0.00908438034098552,target_2,0.2733124345745314
rea,rod_worth,0.00908438034098552,target_3,952.8630394841053
rea,rod_worth,0.00908438034098552,target_4,561.6440894905583
rea,rod_worth,0.009175070732788037,target_1,429.47270111778823
rea,rod_worth,0.009175070732788037,target_2,0.26280097913658457
rea,rod_worth,0.009175070732788037,target_3,956.5365113905491
rea,rod_worth,0.009175070732788037,target_4,561.8364661115215
rea,rod_worth,0.009265761124590552,target_1,467.3300660712298
rea,rod_worth,0.009265761124590552,target_2,0.2554821212998102
rea,rod_worth,0.009265761124590552,target_3,962.1388910461703
rea,rod_worth,0.009265761124590552,target_4,561.9509098805974
rea,rod_worth,0.009356451516393069,target_1,512.5888023158332
rea,rod_worth,0.009356451516393069,target_2,0.24859882360391403
rea,rod_worth,0.009356451516393069,target_3,966.0761795719986
rea,rod_worth,0.009356451516393069,target_4,562.0996680588706
rea,beta,0.0070429217593209045,target_1,469.9845378293861
rea,beta,0.0070429217593209045,target_2,0.257362027764393
rea,beta,0.0070429217593209045,target_3,954.2440398880827
rea,beta,0.0070429217593209045,target_4,561.8355742351654
rea,beta,0.007131400279773745,target_1,429.1761792866912
rea,beta,0.007131400279773745,target_2,0.2672501503838718
rea,beta,0.007131400279773745,target_3,952.2744701428273
rea,beta,0.007131400279773745,target_4,561.7240438877849
rea,beta,0.007219878800226586,target_1,383.3303120210778
rea,beta,0.007219878800226586,target_2,0.27402697489176603
rea,beta,0.007219878800226586,target_3,946.8779972592663
rea,beta,0.007219878800226586,target_4,561.6242007054797
rea,beta,0.007308357320679427,target_1,337.60353501797755
rea,beta,0.007308357320679427,target_2,0.2851575471076695
rea,beta,0.007308357320679427,target_3,943.5861036111932
rea,beta,0.007308357320679427,target_4,561.4527385091914
rea,beta,0.007396835841132268,target_1,307.7227042192634
rea,beta,0.007396835841132268,target_2,0.293408322680815
rea,beta,0.007396835841132268,target_3,937.8654476580623
rea,beta,0.007396835841132268,target_4,561.3774748443243
rea,beta,0.007485314361585109,target_1,271.45063929077975
rea,beta,0.007485314361585109,target_2,0.3067319448953754
rea,beta,0.007485314361585109,target_3,932.7897705920429
rea,beta,0.007485314361585109,target_4,561.2594572508661
rea,beta,0.007573792882037949,target_1,242.6490119019743
rea,beta,0.007573792882037949,target_2,0.31487784603330493
rea,beta,0.007573792882037949,target_3,929.3004534198967
rea,beta,0.007573792882037949,target_4,561.1551394865005
rea,beta,0.007662271402490791,target_1,207.15876250004044
rea,beta,0.007662271402490791,target_2,0.32641286518776425
rea,beta,0.007662271402490791,target_3,924.3597254960115
rea,beta,0.007662271402490791,target_4,561.0414617122389
rea,beta,0.007750749922943631,target_1,177.3364742474175
rea,beta,0.007750749922943631,target_2,0.330901653807497
rea,beta,0.007750749922943631,target_3,919.6341001196607
rea,beta,0.007750749922943631,target_4,560.9103669918975
rea,beta,0.007839228443396472,target_1,158.82934097139412
rea,beta,0.007839228443396472,target_2,0.3438462379310829
rea,beta,0.007839228443396472,target_3,914.5273032291569
rea,beta,0.007839228443396472,target_4,560.8413135935592
rea,beta,0.007927706963849313,target_1,139.90475100875722
rea,beta,0.007927706963849313,target_2,0.35703630059334285
rea,beta,0.007927706963849313,target_3,909.7223387144992
rea,beta,0.007927706963849313,target_4,560.7683166334147
rea,beta,0.008016185484302154,target_1,118.30175880001029
rea,beta,0.008016185484302154,target_2,0.3879620539940683
rea,beta,0.008016185484302154,target_3,903.5478930121009
rea,beta,0.008016185484302154,target_4,560.6258811056198
rea,beta,0.008104664004754994,target_1,105.82574749872877
rea,beta,0.008104664004754994,target_2,0.414174921233146
rea,beta,0.008104664004754994,target_3,898.980044670834
rea,beta,0.008104664004754994,target_4,560.5739514138245
rea,beta,0.008193142525207836,target_1,88.85725452432347
rea,beta,0.008193142525207836,target_2,0.44325637990785455
rea,beta,0.008193142525207836,target_3,892.4892801594923
rea,beta,0.008193142525207836,target_4,560.4831962246022
rea,beta,0.008281621045660676,target_1,71.88394036581259
rea,beta,0.008281621045660676,target_2,0.4988824082419635
rea,beta,0.008281621045660676,target_3,885.0524092212555
rea,beta,0.008281621045660676,target_4,560.395531956937
powery,CR6,20.32044027887824,target_1,25941.255928593644
powery,CR6,20.32044027887824,target_2,22761.902190866844
powery,CR6,20.32044027887824,target_3,21647.12122238233
powery,CR6,20.32044027887824,target_4,22953.622857794962
powery,CR6,20.32044027887824,target_5,21962.794390307878
powery,CR6,20.32044027887824,target_6,22804.138776307263
powery,CR6,20.32044027887824,target_7,21144.916159239765
powery,CR6,20.32044027887824,target_8,17936.947652139075
powery,CR6,20.32044027887824,target_9,18093.453623519614
powery,CR6,20.32044027887824,target_10,18730.815265527588
powery,CR6,20.32044027887824,target_11,18768.168628774467
powery,CR6,20.32044027887824,target_12,19932.296929665627
powery,CR6,20.32044027887824,target_13,19283.846255028446
powery,CR6,20.32044027887824,target_14,18718.714795677988
powery,CR6,20.32044027887824,target_15,18984.926302908403
powery,CR6,20.32044027887824,target_16,18635.05593527032
powery,CR6,20.32044027887824,target_17,19533.980219364166
powery,CR6,20.32044027887824,target_18,18479.845401531944
powery,CR6,20.32044027887824,target_19,17710.036765285156
powery,CR6,20.32044027887824,target_20,17664.52685884056
powery,CR6,20.32044027887824,target_21,17467.581369464737
powery,CR6,20.32044027887824,target_22,18374.288174079178
powery,CR6,20.842280565822545,target_1,25929.07827694437
powery,CR6,20.842280565822545,target_2,22760.277808076284
powery,CR6,20.842280565822545,target_3,21636.426534608938
powery,CR6,20.842280565822545,target_4,22935.961556733
powery,CR6,20.842280565822545,target_5,21947.226719102677
powery,CR6,20.842280565822545,target_6,22799.231344449196
powery,CR6,20.842280565822545,target_7,21151.73474768631
powery,CR6,20.842280565822545,target_8,17946.325115564225
powery,CR6,20.842280565822545,target_9,18089.617050781395
powery,CR6,20.842280565822545,target_10,18720.279811797933
powery,CR6,20.842280565822545,target_11,18754.01193743171
powery,CR6,20.842280565822545,target_12,19915.51777971129
powery,CR6,20.842280565822545,target_13,19266.6117768683
powery,CR6,20.842280565822545,target_14,18701.666362063475
powery,CR6,20.842280565822545,target_15,18968.073212764924
powery,CR6,20.842280565822545,target_16,18622.025433012506
powery,CR6,20.842280565822545,target_17,19524.140192690076
powery,CR6,20.842280565822545,target_18,18475.773053066525
powery,CR6,20.842280565822545,target_19,17715.441609150814
powery,CR6,20.842280565822545,target_20,17713.842653941567
powery,CR6,20.842280565822545,target_21,17532.791035093178
powery,CR6,20.842280565822545,target_22,18426.04311521364
powery,CR6,21.36412085276685,target_1,25916.9006252951
powery,CR6,21.36412085276685,target_2,22758.653425285724
powery,CR6,21.36412085276685,target_3,21625.731846835544
powery,CR6,21.36412085276685,target_4,22918.30025567104
powery,CR6,21.36412085276685,target_5,21931.659047897483
powery,CR6,21.36412085276685,target_6,22794.323912591113
powery,CR6,21.36412085276685,target_7,21158.553336132856
powery,CR6,21.36412085276685,target_8,17955.70257898937
powery,CR6,21.36412085276685,target_9,18085.78047804317
powery,CR6,21.36412085276685,target_10,18709.74435806828
powery,CR6,21.36412085276685,target_11,18739.855246088955
powery,CR6,21.36412085276685,target_12,19898.73862975695
powery,CR6,21.36412085276685,target_13,19249.377298708157
powery,CR6,21.36412085276685,target_14,18684.617928448966
powery,CR6,21.36412085276685,target_15,18951.220122621446
powery,CR6,21.36412085276685,target_16,18608.994930754696
powery,CR6,21.36412085276685,target_17,19514.300166015983
powery,CR6,21.36412085276685,target_18,18471.7007046011
powery,CR6,21.36412085276685,target_19,17720.84645301647
powery,CR6,21.36412085276685,target_20,17763.15844904257
powery,CR6,21.36412085276685,target_21,17598.000700721615
powery,CR6,21.36412085276685,target_22,18477.79805634811
powery,CR6,21.885961139711156,target_1,25904.722973645818
powery,CR6,21.885961139711156,target_2,22757.029042495164
powery,CR6,21.885961139711156,target_3,21615.037159062154
powery,CR6,21.885961139711156,target_4,22900.638954609072
powery,CR6,21.885961139711156,target_5,21916.09137669228
powery,CR6,21.885961139711156,target_6,22789.416480733038
powery,CR6,21.885961139711156,target_7,21165.371924579405
powery,CR6,21.885961139711156,target_8,17965.080042414516
powery,CR6,21.885961139711156,target_9,18081.943905304946
powery,CR6,21.885961139711156,target_10,18699.208904338622
powery,CR6,21.885961139711156,target_11,18725.698554746203
powery,CR6,21.885961139711156,target_12,19881.959479802616
powery,CR6,21.885961139711156,target_13,19232.142820548015
powery,CR6,21.885961139711156,target_14,18667.569494834454
powery,CR6,21.885961139711156,target_15,18934.367032477963
powery,CR6,21.885961139711156,target_16,18595.964428496885
powery,CR6,21.885961139711156,target_17,19504.46013934189
powery,CR6,21.885961139711156,target_18,18467.62835613568
powery,CR6,21.885961139711156,target_19,17726.25129688212
powery,CR6,21.885961139711156,target_20,17812.47424414357
powery,CR6,21.885961139711156,target_21,17663.210366350053
powery,CR6,21.885961139711156,target_22,18529.552997482577
powery,CR6,22.40780142665546,target_1,25892.54532199654
powery,CR6,22.40780142665546,target_2,22755.404659704604
powery,CR6,22.40780142665546,target_3,21604.34247128876
powery,CR6,22.40780142665546,target_4,22882.977653547117
powery,CR6,22.40780142665546,target_5,21900.523705487085
powery,CR6,22.40780142665546,target_6,22784.509048874967
powery,CR6,22.40780142665546,target_7,21172.19051302595
powery,CR6,22.40780142665546,target_8,17974.457505839662
powery,CR6,22.40780142665546,target_9,18078.107332566724
powery,CR6,22.40780142665546,target_10,18688.673450608967
powery,CR6,22.40780142665546,target_11,18711.541863403447
powery,CR6,22.40780142665546,target_12,19865.18032984827
powery,CR6,22.40780142665546,target_13,19214.908342387873
powery,CR6,22.40780142665546,target_14,18650.521061219944
powery,CR6,22.40780142665546,target_15,18917.513942334484
powery,CR6,22.40780142665546,target_16,18582.93392623907
powery,CR6,22.40780142665546,target_17,19494.620112667795
powery,CR6,22.40780142665546,target_18,18463.556007670257
powery,CR6,22.40780142665546,target_19,17731.65614074778
powery,CR6,22.40780142665546,target_20,17861.790039244577
powery,CR6,22.40780142665546,target_21,17728.420031978487
powery,CR6,22.40780142665546,target_22,18581.307938617043
powery,CR6,22.929641713599764,target_1,25880.367670347263
powery,CR6,22.929641713599764,target_2,22753.780276914043
powery,CR6,22.929641713599764,target_3,21593.647783515364
powery,CR6,22.929641713599764,target_4,22865.316352485148
powery,CR6,22.929641713599764,target_5,21884.956034281884
powery,CR6,22.929641713599764,target_6,22779.60161701689
powery,CR6,22.929641713599764,target_7,21179.009101472497
powery,CR6,22.929641713599764,target_8,17983.834969264808
powery,CR6,22.929641713599764,target_9,18074.2707598285
powery,CR6,22.929641713599764,target_10,18678.137996879315
powery,CR6,22.929641713599764,target_11,18697.38517206069
powery,CR6,22.929641713599764,target_12,19848.401179893935
powery,CR6,22.929641713599764,target_13,19197.67386422773
powery,CR6,22.929641713599764,target_14,18633.47262760543
powery,CR6,22.929641713599764,target_15,18900.660852191002
powery,CR6,22.929641713599764,target_16,18569.903423981257
powery,CR6,22.929641713599764,target_17,19484.78008599371
powery,CR6,22.929641713599764,target_18,18459.483659204838
powery,CR6,22.929641713599764,target_19,17737.06098461343
powery,CR6,22.929641713599764,target_20,17911.10583434558
powery,CR6,22.929641713599764,target_21,17793.629697606924
powery,CR6,22.929641713599764,target_22,18633.06287975151
powery,CR6,23.45148200054407,target_1,25868.19001869799
powery,CR6,23.45148200054407,target_2,22752.155894123487
powery,CR6,23.45148200054407,target_3,21582.95309574197
powery,CR6,23.45148200054407,target_4,22847.65505142319
powery,CR6,23.45148200054407,target_5,21869.388363076687
powery,CR6,23.45148200054407,target_6,22774.694185158816
powery,CR6,23.45148200054407,target_7,21185.827689919042
powery,CR6,23.45148200054407,target_8,17993.212432689954
powery,CR6,23.45148200054407,target_9,18070.43418709028
powery,CR6,23.45148200054407,target_10,18667.60254314966
powery,CR6,23.45148200054407,target_11,18683.228480717935
powery,CR6,23.45148200054407,target_12,19831.622029939597
powery,CR6,23.45148200054407,target_13,19180.439386067585
powery,CR6,23.45148200054407,target_14,18616.42419399092
powery,CR6,23.45148200054407,target_15,18883.807762047523
powery,CR6,23.45148200054407,target_16,18556.872921723443
powery,CR6,23.45148200054407,target_17,19474.940059319615
powery,CR6,23.45148200054407,target_18,18455.41131073942
powery,CR6,23.45148200054407,target_19,17742.465828479086
powery,CR6,23.45148200054407,target_20,17960.421629446584
powery,CR6,23.45148200054407,target_21,17858.83936323536
powery,CR6,23.45148200054407,target_22,18684.81782088598
powery,CR6,23.973322287488372,target_1,25856.012367048716
powery,CR6,23.973322287488372,target_2,22750.531511332923
powery,CR6,23.973322287488372,target_3,21572.25840796858
powery,CR6,23.973322287488372,target_4,22829.993750361227
powery,CR6,23.973322287488372,target_5,21853.820691871486
powery,CR6,23.973322287488372,target_6,22769.78675330074
powery,CR6,23.973322287488372,target_7,21192.646278365588
powery,CR6,23.973322287488372,target_8,18002.589896115103
powery,CR6,23.973322287488372,target_9,18066.597614352057
powery,CR6,23.973322287488372,target_10,18657.067089420005
powery,CR6,23.973322287488372,target_11,18669.07178937518
powery,CR6,23.973322287488372,target_12,19814.842879985263
powery,CR6,23.973322287488372,target_13,19163.204907907442
powery,CR6,23.973322287488372,target_14,18599.37576037641
powery,CR6,23.973322287488372,target_15,18866.95467190404
powery,CR6,23.973322287488372,target_16,18543.842419465633
powery,CR6,23.973322287488372,target_17,19465.10003264552
powery,CR6,23.973322287488372,target_18,18451.338962273992
powery,CR6,23.973322287488372,target_19,17747.87067234474
powery,CR6,23.973322287488372,target_20,18009.737424547588
powery,CR6,23.973322287488372,target_21,17924.049028863803
powery,CR6,23.973322287488372,target_22,18736.572762020445
powery,CR6,24.49516257443268,target_1,25843.83471539944
powery,CR6,24.49516257443268,target_2,22748.907128542367
powery,CR6,24.49516257443268,target_3,21561.563720195187
powery,CR6,24.49516257443268,target_4,22812.332449299265
powery,CR6,24.49516257443268,target_5,21838.25302066629
powery,CR6,24.49516257443268,target_6,22764.879321442666
powery,CR6,24.49516257443268,target_7,21199.464866812137
powery,CR6,24.49516257443268,target_8,18011.96735954025
powery,CR6,24.49516257443268,target_9,18062.761041613834
powery,CR6,24.49516257443268,target_10,18646.53163569035
powery,CR6,24.49516257443268,target_11,18654.915098032423
powery,CR6,24.49516257443268,target_12,19798.06373003092
powery,CR6,24.49516257443268,target_13,19145.9704297473
powery,CR6,24.49516257443268,target_14,18582.327326761897
powery,CR6,24.49516257443268,target_15,18850.101581760562
powery,CR6,24.49516257443268,target_16,18530.811917207815
powery,CR6,24.49516257443268,target_17,19455.260005971428
powery,CR6,24.49516257443268,target_18,18447.266613808573
powery,CR6,24.49516257443268,target_19,17753.2755162104
powery,CR6,24.49516257443268,target_20,18059.05321964859
powery,CR6,24.49516257443268,target_21,17989.258694492237
powery,CR6,24.49516257443268,target_22,18788.32770315491
powery,CR6,25.017002861376984,target_1,25831.657063750157
powery,CR6,25.017002861376984,target_2,22747.282745751803
powery,CR6,25.017002861376984,target_3,21550.869032421793
powery,CR6,25.017002861376984,target_4,22794.671148237303
powery,CR6,25.017002861376984,target_5,21822.68534946109
powery,CR6,25.017002861376984,target_6,22759.97188958459
powery,CR6,25.017002861376984,target_7,21206.283455258683
powery,CR6,25.017002861376984,target_8,18021.3448229654
powery,CR6,25.017002861376984,target_9,18058.924468875608
powery,CR6,25.017002861376984,target_10,18635.996181960694
powery,CR6,25.017002861376984,target_11,18640.758406689667
powery,CR6,25.017002861376984,target_12,19781.284580076583
powery,CR6,25.017002861376984,target_13,19128.735951587158
powery,CR6,25.017002861376984,target_14,18565.278893147384
powery,CR6,25.017002861376984,target_15,18833.24849161708
powery,CR6,25.017002861376984,target_16,18517.78141495
powery,CR6,25.017002861376984,target_17,19445.419979297338
powery,CR6,25.017002861376984,target_18,18443.19426534315
powery,CR6,25.017002861376984,target_19,17758.68036007605
powery,CR6,25.017002861376984,target_20,18108.369014749598
powery,CR6,25.017002861376984,target_21,18054.468360120674
powery,CR6,25.017002861376984,target_22,18840.082644289378
powery,CR6,25.538843148321288,target_1,25819.47941210089
powery,CR6,25.538843148321288,target_2,22745.658362961243
powery,CR6,25.538843148321288,target_3,21540.174344648403
powery,CR6,25.538843148321288,target_4,22777.00984717534
powery,CR6,25.538843148321288,target_5,21807.11767825589
powery,CR6,25.538843148321288,target_6,22755.064457726516
powery,CR6,25.538843148321288,target_7,21213.10204370523
powery,CR6,25.538843148321288,target_8,18030.722286390544
powery,CR6,25.538843148321288,target_9,18055.087896137386
powery,CR6,25.538843148321288,target_10,18625.46072823104
powery,CR6,25.538843148321288,target_11,18626.60171534691
powery,CR6,25.538843148321288,target_12,19764.505430122244
powery,CR6,25.538843148321288,target_13,19111.501473427008
powery,CR6,25.538843148321288,target_14,18548.230459532875
powery,CR6,25.538843148321288,target_15,18816.3954014736
powery,CR6,25.538843148321288,target_16,18504.75091269219
powery,CR6,25.538843148321288,target_17,19435.579952623244
powery,CR6,25.538843148321288,target_18,18439.12191687773
powery,CR6,25.538843148321288,target_19,17764.085203941708
powery,CR6,25.538843148321288,target_20,18157.684809850598
powery,CR6,25.538843148321288,target_21,18119.678025749112
powery,CR6,25.538843148321288,target_22,18891.837585423844
powery,CR6,26.060683435265595,target_1,25807.301760451614
powery,CR6,26.060683435265595,target_2,22744.033980170683
powery,CR6,26.060683435265595,target_3,21529.479656875003
powery,CR6,26.060683435265595,target_4,22759.348546113382
powery,CR6,26.060683435265595,target_5,21791.550007050693
powery,CR6,26.060683435265595,target_6,22750.157025868437
powery,CR6,26.060683435265595,target_7,21219.920632151774
powery,CR6,26.060683435265595,target_8,18040.09974981569
powery,CR6,26.060683435265595,target_9,18051.251323399163
powery,CR6,26.060683435265595,target_10,18614.925274501387
powery,CR6,26.060683435265595,target_11,18612.445024004155
powery,CR6,26.060683435265595,target_12,19747.72628016791
powery,CR6,26.060683435265595,target_13,19094.266995266866
powery,CR6,26.060683435265595,target_14,18531.182025918366
powery,CR6,26.060683435265595,target_15,18799.542311330122
powery,CR6,26.060683435265595,target_16,18491.720410434376
powery,CR6,26.060683435265595,target_17,19425.73992594915
powery,CR6,26.060683435265595,target_18,18435.049568412313
powery,CR6,26.060683435265595,target_19,17769.49004780736
powery,CR6,26.060683435265595,target_20,18207.000604951605
powery,CR6,26.060683435265595,target_21,18184.887691377553
powery,CR6,26.060683435265595,target_22,18943.592526558314
powery,CR6,26.5825237222099,target_1,25795.12410880233
powery,CR6,26.5825237222099,target_2,22742.40959738013
powery,CR6,26.5825237222099,target_3,21518.784969101613
powery,CR6,26.5825237222099,target_4,22741.68724505142
powery,CR6,26.5825237222099,target_5,21775.982335845492
powery,CR6,26.5825237222099,target_6,22745.24959401036
powery,CR6,26.5825237222099,target_7,21226.73922059832
powery,CR6,26.5825237222099,target_8,18049.477213240836
powery,CR6,26.5825237222099,target_9,18047.41475066094
powery,CR6,26.5825237222099,target_10,18604.38982077173
powery,CR6,26.5825237222099,target_11,18598.2883326614
powery,CR6,26.5825237222099,target_12,19730.947130213564
powery,CR6,26.5825237222099,target_13,19077.032517106723
powery,CR6,26.5825237222099,target_14,18514.133592303853
powery,CR6,26.5825237222099,target_15,18782.689221186636
powery,CR6,26.5825237222099,target_16,18478.689908176562
powery,CR6,26.5825237222099,target_17,19415.89989927506
powery,CR6,26.5825237222099,target_18,18430.977219946886
powery,CR6,26.5825237222099,target_19,17774.894891673015
powery,CR6,26.5825237222099,target_20,18256.31640005261
powery,CR6,26.5825237222099,target_21,18250.09735700599
powery,CR6,26.5825237222099,target_22,18995.347467692784
powery,CR6,27.104364009154203,target_1,25782.946457153055
powery,CR6,27.104364009154203,target_2,22740.785214589563
powery,CR6,27.104364009154203,target_3,21508.09028132822
powery,CR6,27.104364009154203,target_4,22724.025943989454
powery,CR6,27.104364009154203,target_5,21760.414664640295
powery,CR6,27.104364009154203,target_6,22740.342162152287
powery,CR6,27.104364009154203,target_7,21233.55780904487
powery,CR6,27.104364009154203,target_8,18058.854676665982
powery,CR6,27.104364009154203,target_9,18043.578177922718
powery,CR6,27.104364009154203,target_10,18593.854367042073
powery,CR6,27.104364009154203,target_11,18584.131641318643
powery,CR6,27.104364009154203,target_12,19714.16798025923
powery,CR6,27.104364009154203,target_13,19059.79803894658
powery,CR6,27.104364009154203,target_14,18497.085158689344
powery,CR6,27.104364009154203,target_15,18765.836131043157
powery,CR6,27.104364009154203,target_16,18465.65940591875
powery,CR6,27.104364009154203,target_17,19406.059872600967
powery,CR6,27.104364009154203,target_18,18426.904871481467
powery,CR6,27.104364009154203,target_19,17780.299735538672
powery,CR6,27.104364009154203,target_20,18305.632195153612
powery,CR6,27.104364009154203,target_21,18315.307022634424
powery,CR6,27.104364009154203,target_22,19047.10240882725
powery,CR6,27.626204296098507,target_1,25770.76880550379
powery,CR6,27.626204296098507,target_2,22739.16083179901
powery,CR6,27.626204296098507,target_3,21497.395593554826
powery,CR6,27.626204296098507,target_4,22706.364642927496
powery,CR6,27.626204296098507,target_5,21744.846993435094
powery,CR6,27.626204296098507,target_6,22735.434730294215
powery,CR6,27.626204296098507,target_7,21240.376397491415
powery,CR6,27.626204296098507,target_8,18068.232140091128
powery,CR6,27.626204296098507,target_9,18039.741605184492
powery,CR6,27.626204296098507,target_10,18583.318913312418
powery,CR6,27.626204296098507,target_11,18569.97494997589
powery,CR6,27.626204296098507,target_12,19697.38883030489
powery,CR6,27.626204296098507,target_13,19042.56356078644
powery,CR6,27.626204296098507,target_14,18480.03672507483
powery,CR6,27.626204296098507,target_15,18748.983040899675
powery,CR6,27.626204296098507,target_16,18452.628903660938
powery,CR6,27.626204296098507,target_17,19396.219845926877
powery,CR6,27.626204296098507,target_18,18422.832523016044
powery,CR6,27.626204296098507,target_19,17785.704579404326
powery,CR6,27.626204296098507,target_20,18354.947990254615
powery,CR6,27.626204296098507,target_21,18380.516688262866
powery,CR6,27.626204296098507,target_22,19098.857349961716
powery,CR2,20.695267992946714,target_1,25898.054499963848
powery,CR2,20.695267992946714,target_2,22797.739478163952
powery,CR2,20.695267992946714,target_3,21527.029596533383
powery,CR2,20.695267992946714,target_4,22839.22433203919
powery,CR2,20.695267992946714,target_5,21941.94433968817
powery,CR2,20.695267992946714,target_6,22897.002727624335
powery,CR2,20.695267992946714,target_7,21312.209995670673
powery,CR2,20.695267992946714,target_8,18037.637851592895
powery,CR2,20.695267992946714,target_9,18032.14952513301
powery,CR2,20.695267992946714,target_10,18318.5431579683
powery,CR2,20.695267992946714,target_11,18212.675631333343
powery,CR2,20.695267992946714,target_12,19420.908728028033
powery,CR2,20.695267992946714,target_13,19072.47930908587
powery,CR2,20.695267992946714,target_14,18620.291730838133
powery,CR2,20.695267992946714,target_15,18944.877683316303
powery,CR2,20.695267992946714,target_16,18654.12023166254
powery,CR2,20.695267992946714,target_17,19595.438769466306
powery,CR2,20.695267992946714,target_18,18583.466015117483
powery,CR2,20.695267992946714,target_19,17879.96635580441
powery,CR2,20.695267992946714,target_20,18134.70560183666
powery,CR2,20.695267992946714,target_21,18024.47238940821
powery,CR2,20.695267992946714,target_22,18815.464577582105
powery,CR2,21.188310750039925,target_1,25891.86229510695
powery,CR2,21.188310750039925,target_2,22790.746401244203
powery,CR2,21.188310750039925,target_3,21533.770181915053
powery,CR2,21.188310750039925,target_4,22837.91457577598
powery,CR2,21.188310750039925,target_5,21928.931915772595
powery,CR2,21.188310750039925,target_6,22878.159552416346
powery,CR2,21.188310750039925,target_7,21294.46230579688
powery,CR2,21.188310750039925,target_8,18032.410929250498
powery,CR2,21.188310750039925,target_9,18037.26911647934
powery,CR2,21.188310750039925,target_10,18368.76353686538
powery,CR2,21.188310750039925,target_11,18280.382321592977
powery,CR2,21.188310750039925,target_12,19479.3642801469
powery,CR2,21.188310750039925,target_13,19085.98640756356
powery,CR2,21.188310750039925,target_14,18617.247607313693
powery,CR2,21.188310750039925,target_15,18933.381749214444
powery,CR2,21.188310750039925,target_16,18637.81507782331
powery,CR2,21.188310750039925,target_17,19576.149033910842
powery,CR2,21.188310750039925,target_18,18563.892010441763
powery,CR2,21.188310750039925,target_19,17860.36552624756
powery,CR2,21.188310750039925,target_20,18116.015573049266
powery,CR2,21.188310750039925,target_21,18009.368286697903
powery,CR2,21.188310750039925,target_22,18803.59716191513
powery,CR2,21.68135350713314,target_1,25885.670090250045
powery,CR2,21.68135350713314,target_2,22783.753324324447
powery,CR2,21.68135350713314,target_3,21540.51076729672
powery,CR2,21.68135350713314,target_4,22836.604819512766
powery,CR2,21.68135350713314,target_5,21915.91949185702
powery,CR2,21.68135350713314,target_6,22859.316377208346
powery,CR2,21.68135350713314,target_7,21276.714615923083
powery,CR2,21.68135350713314,target_8,18027.1840069081
powery,CR2,21.68135350713314,target_9,18042.388707825674
powery,CR2,21.68135350713314,target_10,18418.983915762456
powery,CR2,21.68135350713314,target_11,18348.089011852608
powery,CR2,21.68135350713314,target_12,19537.819832265774
powery,CR2,21.68135350713314,target_13,19099.493506041246
powery,CR2,21.68135350713314,target_14,18614.203483789257
powery,CR2,21.68135350713314,target_15,18921.885815112586
powery,CR2,21.68135350713314,target_16,18621.509923984086
powery,CR2,21.68135350713314,target_17,19556.859298355383
powery,CR2,21.68135350713314,target_18,18544.318005766043
powery,CR2,21.68135350713314,target_19,17840.76469669071
powery,CR2,21.68135350713314,target_20,18097.325544261876
powery,CR2,21.68135350713314,target_21,17994.264183987594
powery,CR2,21.68135350713314,target_22,18791.729746248162
powery,CR2,22.17439626422635,target_1,25879.477885393146
powery,CR2,22.17439626422635,target_2,22776.760247404698
powery,CR2,22.17439626422635,target_3,21547.251352678384
powery,CR2,22.17439626422635,target_4,22835.295063249552
powery,CR2,22.17439626422635,target_5,21902.907067941436
powery,CR2,22.17439626422635,target_6,22840.473202000343
powery,CR2,22.17439626422635,target_7,21258.96692604929
powery,CR2,22.17439626422635,target_8,18021.957084565704
powery,CR2,22.17439626422635,target_9,18047.508299172012
powery,CR2,22.17439626422635,target_10,18469.204294659532
powery,CR2,22.17439626422635,target_11,18415.795702112242
powery,CR2,22.17439626422635,target_12,19596.27538438464
powery,CR2,22.17439626422635,target_13,19113.000604518937
powery,CR2,22.17439626422635,target_14,18611.15936026482
powery,CR2,22.17439626422635,target_15,18910.389881010728
powery,CR2,22.17439626422635,target_16,18605.20477014486
powery,CR2,22.17439626422635,target_17,19537.569562799916
powery,CR2,22.17439626422635,target_18,18524.744001090323
powery,CR2,22.17439626422635,target_19,17821.163867133862
powery,CR2,22.17439626422635,target_20,18078.63551547448
powery,CR2,22.17439626422635,target_21,17979.16008127729
powery,CR2,22.17439626422635,target_22,18779.862330581193
powery,CR2,22.66743902131956,target_1,25873.285680536243
powery,CR2,22.66743902131956,target_2,22769.76717048494
powery,CR2,22.66743902131956,target_3,21553.991938060048
powery,CR2,22.66743902131956,target_4,22833.985306986346
powery,CR2,22.66743902131956,target_5,21889.894644025862
powery,CR2,22.66743902131956,target_6,22821.630026792347
powery,CR2,22.66743902131956,target_7,21241.219236175497
powery,CR2,22.66743902131956,target_8,18016.730162223303
powery,CR2,22.66743902131956,target_9,18052.627890518343
powery,CR2,22.66743902131956,target_10,18519.424673556605
powery,CR2,22.66743902131956,target_11,18483.50239237187
powery,CR2,22.66743902131956,target_12,19654.730936503507
powery,CR2,22.66743902131956,target_13,19126.507702996623
powery,CR2,22.66743902131956,target_14,18608.11523674039
powery,CR2,22.66743902131956,target_15,18898.893946908865
powery,CR2,22.66743902131956,target_16,18588.899616305636
powery,CR2,22.66743902131956,target_17,19518.279827244456
powery,CR2,22.66743902131956,target_18,18505.169996414603
powery,CR2,22.66743902131956,target_19,17801.563037577016
powery,CR2,22.66743902131956,target_20,18059.945486687087
powery,CR2,22.66743902131956,target_21,17964.055978566987
powery,CR2,22.66743902131956,target_22,18767.99491491422
powery,CR2,23.160481778412773,target_1,25867.09347567934
powery,CR2,23.160481778412773,target_2,22762.774093565193
powery,CR2,23.160481778412773,target_3,21560.732523441715
powery,CR2,23.160481778412773,target_4,22832.675550723132
powery,CR2,23.160481778412773,target_5,21876.882220110285
powery,CR2,23.160481778412773,target_6,22802.78685158435
powery,CR2,23.160481778412773,target_7,21223.471546301702
powery,CR2,23.160481778412773,target_8,18011.50323988091
powery,CR2,23.160481778412773,target_9,18057.747481864677
powery,CR2,23.160481778412773,target_10,18569.645052453685
powery,CR2,23.160481778412773,target_11,18551.2090826315
powery,CR2,23.160481778412773,target_12,19713.18648862238
powery,CR2,23.160481778412773,target_13,19140.014801474317
powery,CR2,23.160481778412773,target_14,18605.07111321595
powery,CR2,23.160481778412773,target_15,18887.39801280701
powery,CR2,23.160481778412773,target_16,18572.594462466415
powery,CR2,23.160481778412773,target_17,19498.990091688993
powery,CR2,23.160481778412773,target_18,18485.595991738883
powery,CR2,23.160481778412773,target_19,17781.962208020166
powery,CR2,23.160481778412773,target_20,18041.255457899697
powery,CR2,23.160481778412773,target_21,17948.951875856677
powery,CR2,23.160481778412773,target_22,18756.127499247254
powery,CR2,23.653524535505984,target_1,25860.90127082244
powery,CR2,23.653524535505984,target_2,22755.78101664544
powery,CR2,23.653524535505984,target_3,21567.473108823382
powery,CR2,23.653524535505984,target_4,22831.36579445992
powery,CR2,23.653524535505984,target_5,21863.869796194704
powery,CR2,23.653524535505984,target_6,22783.943676376362
powery,CR2,23.653524535505984,target_7,21205.723856427907
powery,CR2,23.653524535505984,target_8,18006.276317538508
powery,CR2,23.653524535505984,target_9,18062.86707321101
powery,CR2,23.653524535505984,target_10,18619.86543135076
powery,CR2,23.653524535505984,target_11,18618.915772891134
powery,CR2,23.653524535505984,target_12,19771.642040741248
powery,CR2,23.653524535505984,target_13,19153.521899952004
powery,CR2,23.653524535505984,target_14,18602.026989691512
powery,CR2,23.653524535505984,target_15,18875.90207870515
powery,CR2,23.653524535505984,target_16,18556.289308627187
powery,CR2,23.653524535505984,target_17,19479.70035613353
powery,CR2,23.653524535505984,target_18,18466.02198706316
powery,CR2,23.653524535505984,target_19,17762.36137846332
powery,CR2,23.653524535505984,target_20,18022.565429112303
powery,CR2,23.653524535505984,target_21,17933.84777314637
powery,CR2,23.653524535505984,target_22,18744.260083580284
powery,CR2,24.146567292599194,target_1,25854.70906596554
powery,CR2,24.146567292599194,target_2,22748.787939725687
powery,CR2,24.146567292599194,target_3,21574.213694205046
powery,CR2,24.146567292599194,target_4,22830.05603819671
powery,CR2,24.146567292599194,target_5,21850.85737227913
powery,CR2,24.146567292599194,target_6,22765.10050116836
powery,CR2,24.146567292599194,target_7,21187.976166554112
powery,CR2,24.146567292599194,target_8,18001.04939519611
powery,CR2,24.146567292599194,target_9,18067.986664557342
powery,CR2,24.146567292599194,target_10,18670.085810247838
powery,CR2,24.146567292599194,target_11,18686.62246315077
powery,CR2,24.146567292599194,target_12,19830.097592860115
powery,CR2,24.146567292599194,target_13,19167.02899842969
powery,CR2,24.146567292599194,target_14,18598.982866167076
powery,CR2,24.146567292599194,target_15,18864.40614460329
powery,CR2,24.146567292599194,target_16,18539.984154787966
powery,CR2,24.146567292599194,target_17,19460.410620578066
powery,CR2,24.146567292599194,target_18,18446.447982387443
powery,CR2,24.146567292599194,target_19,17742.76054890647
powery,CR2,24.146567292599194,target_20,18003.875400324912
powery,CR2,24.146567292599194,target_21,17918.743670436066
powery,CR2,24.146567292599194,target_22,18732.39266791331
powery,CR2,24.639610049692408,target_1,25848.516861108634
powery,CR2,24.639610049692408,target_2,22741.79486280594
powery,CR2,24.639610049692408,target_3,21580.954279586716
powery,CR2,24.639610049692408,target_4,22828.746281933494
powery,CR2,24.639610049692408,target_5,21837.844948363552
powery,CR2,24.639610049692408,target_6,22746.25732596037
powery,CR2,24.639610049692408,target_7,21170.22847668032
powery,CR2,24.639610049692408,target_8,17995.822472853713
powery,CR2,24.639610049692408,target_9,18073.10625590368
powery,CR2,24.639610049692408,target_10,18720.306189144914
powery,CR2,24.639610049692408,target_11,18754.329153410396
powery,CR2,24.639610049692408,target_12,19888.553144978985
powery,CR2,24.639610049692408,target_13,19180.536096907384
powery,CR2,24.639610049692408,target_14,18595.938742642636
powery,CR2,24.639610049692408,target_15,18852.91021050143
powery,CR2,24.639610049692408,target_16,18523.679000948738
powery,CR2,24.639610049692408,target_17,19441.120885022603
powery,CR2,24.639610049692408,target_18,18426.873977711723
powery,CR2,24.639610049692408,target_19,17723.15971934962
powery,CR2,24.639610049692408,target_20,17985.185371537522
powery,CR2,24.639610049692408,target_21,17903.639567725764
powery,CR2,24.639610049692408,target_22,18720.525252246345
powery,CR2,25.132652806785618,target_1,25842.324656251734
powery,CR2,25.132652806785618,target_2,22734.801785886186
powery,CR2,25.132652806785618,target_3,21587.694864968376
powery,CR2,25.132652806785618,target_4,22827.43652567029
powery,CR2,25.132652806785618,target_5,21824.83252444798
powery,CR2,25.132652806785618,target_6,22727.41415075237
powery,CR2,25.132652806785618,target_7,21152.480786806525
powery,CR2,25.132652806785618,target_8,17990.595550511312
powery,CR2,25.132652806785618,target_9,18078.225847250014
powery,CR2,25.132652806785618,target_10,18770.526568041994
powery,CR2,25.132652806785618,target_11,18822.03584367003
powery,CR2,25.132652806785618,target_12,19947.008697097855
powery,CR2,25.132652806785618,target_13,19194.04319538507
powery,CR2,25.132652806785618,target_14,18592.8946191182
powery,CR2,25.132652806785618,target_15,18841.41427639957
powery,CR2,25.132652806785618,target_16,18507.373847109513
powery,CR2,25.132652806785618,target_17,19421.83114946714
powery,CR2,25.132652806785618,target_18,18407.299973036
powery,CR2,25.132652806785618,target_19,17703.55888979277
powery,CR2,25.132652806785618,target_20,17966.495342750124
powery,CR2,25.132652806785618,target_21,17888.53546501546
powery,CR2,25.132652806785618,target_22,18708.65783657937
powery,CR2,25.62569556387883,target_1,25836.132451394835
powery,CR2,25.62569556387883,target_2,22727.80870896643
powery,CR2,25.62569556387883,target_3,21594.435450350047
powery,CR2,25.62569556387883,target_4,22826.126769407074
powery,CR2,25.62569556387883,target_5,21811.820100532397
powery,CR2,25.62569556387883,target_6,22708.570975544368
powery,CR2,25.62569556387883,target_7,21134.73309693273
powery,CR2,25.62569556387883,target_8,17985.368628168915
powery,CR2,25.62569556387883,target_9,18083.345438596345
powery,CR2,25.62569556387883,target_10,18820.746946939067
powery,CR2,25.62569556387883,target_11,18889.74253392966
powery,CR2,25.62569556387883,target_12,20005.464249216722
powery,CR2,25.62569556387883,target_13,19207.550293862758
powery,CR2,25.62569556387883,target_14,18589.850495593768
powery,CR2,25.62569556387883,target_15,18829.918342297715
powery,CR2,25.62569556387883,target_16,18491.068693270292
powery,CR2,25.62569556387883,target_17,19402.54141391168
powery,CR2,25.62569556387883,target_18,18387.725968360282
powery,CR2,25.62569556387883,target_19,17683.958060235927
powery,CR2,25.62569556387883,target_20,17947.805313962734
powery,CR2,25.62569556387883,target_21,17873.43136230515
powery,CR2,25.62569556387883,target_22,18696.790420912403
powery,CR2,26.118738320972042,target_1,25829.94024653793
powery,CR2,26.118738320972042,target_2,22720.815632046684
powery,CR2,26.118738320972042,target_3,21601.17603573171
powery,CR2,26.118738320972042,target_4,22824.817013143864
powery,CR2,26.118738320972042,target_5,21798.80767661682
powery,CR2,26.118738320972042,target_6,22689.72780033637
powery,CR2,26.118738320972042,target_7,21116.985407058935
powery,CR2,26.118738320972042,target_8,17980.14170582652
powery,CR2,26.118738320972042,target_9,18088.465029942683
powery,CR2,26.118738320972042,target_10,18870.967325836144
powery,CR2,26.118738320972042,target_11,18957.44922418929
powery,CR2,26.118738320972042,target_12,20063.919801335593
powery,CR2,26.118738320972042,target_13,19221.057392340448
powery,CR2,26.118738320972042,target_14,18586.80637206933
powery,CR2,26.118738320972042,target_15,18818.422408195856
powery,CR2,26.118738320972042,target_16,18474.763539431064
powery,CR2,26.118738320972042,target_17,19383.251678356217
powery,CR2,26.118738320972042,target_18,18368.151963684562
powery,CR2,26.118738320972042,target_19,17664.357230679077
powery,CR2,26.118738320972042,target_20,17929.11528517534
powery,CR2,26.118738320972042,target_21,17858.327259594844
powery,CR2,26.118738320972042,target_22,18684.92300524543
powery,CR2,26.611781078065253,target_1,25823.74804168103
powery,CR2,26.611781078065253,target_2,22713.822555126928
powery,CR2,26.611781078065253,target_3,21607.916621113378
powery,CR2,26.611781078065253,target_4,22823.507256880654
powery,CR2,26.611781078065253,target_5,21785.795252701246
powery,CR2,26.611781078065253,target_6,22670.884625128376
powery,CR2,26.611781078065253,target_7,21099.23771718514
powery,CR2,26.611781078065253,target_8,17974.91478348412
powery,CR2,26.611781078065253,target_9,18093.584621289017
powery,CR2,26.611781078065253,target_10,18921.18770473322
powery,CR2,26.611781078065253,target_11,19025.155914448922
powery,CR2,26.611781078065253,target_12,20122.37535345446
powery,CR2,26.611781078065253,target_13,19234.56449081814
powery,CR2,26.611781078065253,target_14,18583.762248544892
powery,CR2,26.611781078065253,target_15,18806.926474093994
powery,CR2,26.611781078065253,target_16,18458.458385591843
powery,CR2,26.611781078065253,target_17,19363.961942800754
powery,CR2,26.611781078065253,target_18,18348.577959008842
powery,CR2,26.611781078065253,target_19,17644.756401122228
powery,CR2,26.611781078065253,target_20,17910.42525638795
powery,CR2,26.611781078065253,target_21,17843.223156884542
powery,CR2,26.611781078065253,target_22,18673.05558957846
powery,CR2,27.104823835158466,target_1,25817.55583682413
powery,CR2,27.104823835158466,target_2,22706.82947820718
powery,CR2,27.104823835158466,target_3,21614.65720649504
powery,CR2,27.104823835158466,target_4,22822.19750061744
powery,CR2,27.104823835158466,target_5,21772.782828785665
powery,CR2,27.104823835158466,target_6,22652.041449920376
powery,CR2,27.104823835158466,target_7,21081.490027311353
powery,CR2,27.104823835158466,target_8,17969.68786114172
powery,CR2,27.104823835158466,target_9,18098.704212635348
powery,CR2,27.104823835158466,target_10,18971.408083630296
powery,CR2,27.104823835158466,target_11,19092.862604708556
powery,CR2,27.104823835158466,target_12,20180.83090557333
powery,CR2,27.104823835158466,target_13,19248.071589295825
powery,CR2,27.104823835158466,target_14,18580.718125020456
powery,CR2,27.104823835158466,target_15,18795.430539992136
powery,CR2,27.104823835158466,target_16,18442.153231752618
powery,CR2,27.104823835158466,target_17,19344.67220724529
powery,CR2,27.104823835158466,target_18,18329.003954333122
powery,CR2,27.104823835158466,target_19,17625.15557156538
powery,CR2,27.104823835158466,target_20,17891.735227600555
powery,CR2,27.104823835158466,target_21,17828.119054174233
powery,CR2,27.104823835158466,target_22,18661.18817391149
powery,CR2,27.597866592251677,target_1,25811.363631967222
powery,CR2,27.597866592251677,target_2,22699.83640128743
powery,CR2,27.597866592251677,target_3,21621.39779187671
powery,CR2,27.597866592251677,target_4,22820.88774435423
powery,CR2,27.597866592251677,target_5,21759.77040487009
powery,CR2,27.597866592251677,target_6,22633.198274712384
powery,CR2,27.597866592251677,target_7,21063.74233743755
powery,CR2,27.597866592251677,target_8,17964.460938799326
powery,CR2,27.597866592251677,target_9,18103.823803981682
powery,CR2,27.597866592251677,target_10,19021.628462527373
powery,CR2,27.597866592251677,target_11,19160.56929496819
powery,CR2,27.597866592251677,target_12,20239.2864576922
powery,CR2,27.597866592251677,target_13,19261.578687773515
powery,CR2,27.597866592251677,target_14,18577.67400149602
powery,CR2,27.597866592251677,target_15,18783.934605890277
powery,CR2,27.597866592251677,target_16,18425.848077913393
powery,CR2,27.597866592251677,target_17,19325.382471689827
powery,CR2,27.597866592251677,target_18,18309.4299496574
powery,CR2,27.597866592251677,target_19,17605.55474200853
powery,CR2,27.597866592251677,target_20,17873.04519881316
powery,CR2,27.597866592251677,target_21,17813.014951463927
powery,CR2,27.597866592251677,target_22,18649.32075824452
htgr,theta5,0.2947138188110587,target_1,0.25119392315345845
htgr,theta5,0.2947138188110587,target_2,0.25028559155463076
htgr,theta5,0.2947138188110587,target_3,0.2472447049079579
htgr,theta5,0.2947138188110587,target_4,0.25046664195067364
htgr,theta5,0.7037283171810291,target_1,0.2511515701428561
htgr,theta5,0.7037283171810291,target_2,0.25028559155463076
htgr,theta5,0.7037283171810291,target_3,0.2474045446377051
htgr,theta5,0.7037283171810291,target_4,0.2503630642198359
htgr,theta5,1.1127428155509995,target_1,0.25086347038811285
htgr,theta5,1.1127428155509995,target_2,0.2502810748296274
htgr,theta5,1.1127428155509995,target_3,0.24770282937345248
htgr,theta5,1.1127428155509995,target_4,0.25025309771581133
htgr,theta5,1.5217573139209701,target_1,0.2505913905883344
htgr,theta5,1.5217573139209701,target_2,0.250237639245635
htgr,theta5,1.5217573139209701,target_3,0.2494739539497064
htgr,theta5,1.5217573139209701,target_4,0.2500577349197422
htgr,theta5,1.9307718122909405,target_1,0.24970854617162144
htgr,theta5,1.9307718122909405,target_2,0.25020716656988745
htgr,theta5,1.9307718122909405,target_3,0.25030387599720405
htgr,theta5,1.9307718122909405,target_4,0.24960567497006106
htgr,theta5,2.339786310660911,target_1,0.24877990486789833
htgr,theta5,2.339786310660911,target_2,0.25011729136817995
htgr,theta5,2.339786310660911,target_3,0.2519850177464875
htgr,theta5,2.339786310660911,target_4,0.24949793526046868
htgr,theta5,2.7488008090308815,target_1,0.24869395276771208
htgr,theta5,2.7488008090308815,target_2,0.2500112666435547
htgr,theta5,2.7488008090308815,target_3,0.25293914106192095
htgr,theta5,2.7488008090308815,target_4,0.24949793526046868
htgr,theta5,3.1578153074008517,target_1,0.24869395276771208
htgr,theta5,3.1578153074008517,target_2,0.2500112666435547
htgr,theta5,3.1578153074008517,target_3,0.2530162162912323
htgr,theta5,3.1578153074008517,target_4,0.24949793526046868
htgr,theta5,3.5668298057708223,target_1,0.24869395276771208
htgr,theta5,3.5668298057708223,target_2,0.2500112666435547
htgr,theta5,3.5668298057708223,target_3,0.2530162162912323
htgr,theta5,3.5668298057708223,target_4,0.24949793526046868
htgr,theta5,3.975844304140793,target_1,0.24872740635882257
htgr,theta5,3.975844304140793,target_2,0.2500112666435547
htgr,theta5,3.975844304140793,target_3,0.2528549030452578
htgr,theta5,3.975844304140793,target_4,0.24951873229335333
htgr,theta5,4.384858802510763,target_1,0.24909962002187724
htgr,theta5,4.384858802510763,target_2,0.2500112666435547
htgr,theta5,4.384858802510763,target_3,0.25147781630344035
htgr,theta5,4.384858802510763,target_4,0.2495766735119678
htgr,theta5,4.793873300880733,target_1,0.24971448515247535
htgr,theta5,4.793873300880733,target_2,0.2500112666435547
htgr,theta5,4.793873300880733,target_3,0.2502242023409915
htgr,theta5,4.793873300880733,target_4,0.2499865894534413
htgr,theta5,5.202887799250704,target_1,0.25041702616965383
htgr,theta5,5.202887799250704,target_2,0.25007234025523384
htgr,theta5,5.202887799250704,target_3,0.24894663151718843
htgr,theta5,5.202887799250704,target_4,0.2503294156137583
htgr,theta5,5.6119022976206745,target_1,0.25087904027693936
htgr,theta5,5.6119022976206745,target_2,0.2501203077900536
htgr,theta5,5.6119022976206745,target_3,0.24761957860976794
htgr,theta5,5.6119022976206745,target_4,0.25040463478279296
htgr,theta5,6.020916795990645,target_1,0.25101907850907845
htgr,theta5,6.020916795990645,target_2,0.25013113715056096
htgr,theta5,6.020916795990645,target_3,0.2475729021478091
htgr,theta5,6.020916795990645,target_4,0.2504081501748615
htgr,theta8,0.2514006052212671,target_1,0.2501293334720547
htgr,theta8,0.2514006052212671,target_2,0.25142477176317396
htgr,theta8,0.2514006052212671,target_3,0.250441294344216
htgr,theta8,0.2514006052212671,target_4,0.2472610785660385
htgr,theta8,0.6520635293604788,target_1,0.2501293334720547
htgr,theta8,0.6520635293604788,target_2,0.25137234138307135
htgr,theta8,0.6520635293604788,target_3,0.25043367888006113
htgr,theta8,0.6520635293604788,target_4,0.2473553388388248
htgr,theta8,1.0527264534996907,target_1,0.2501293334720547
htgr,theta8,1.0527264534996907,target_2,0.2510419455596782
htgr,theta8,1.0527264534996907,target_3,0.2503338314419563
htgr,theta8,1.0527264534996907,target_4,0.24758175522915798
htgr,theta8,1.4533893776389024,target_1,0.2501226579335148
htgr,theta8,1.4533893776389024,target_2,0.2507902933032037
htgr,theta8,1.4533893776389024,target_3,0.25011905072861457
htgr,theta8,1.4533893776389024,target_4,0.2494709909240912
htgr,theta8,1.8540523017781143,target_1,0.250018783865298
htgr,theta8,1.8540523017781143,target_2,0.24989063102634437
htgr,theta8,1.8540523017781143,target_3,0.24983841591030564
htgr,theta8,1.8540523017781143,target_4,0.25019814569212845
htgr,theta8,2.254715225917326,target_1,0.2499898360339575
htgr,theta8,2.254715225917326,target_2,0.2493337132132705
htgr,theta8,2.254715225917326,target_3,0.2495418935453181
htgr,theta8,2.254715225917326,target_4,0.2511369020284522
htgr,theta8,2.6553781500565377,target_1,0.2498785586459116
htgr,theta8,2.6553781500565377,target_2,0.24880261310049379
htgr,theta8,2.6553781500565377,target_3,0.2494534516173708
htgr,theta8,2.6553781500565377,target_4,0.25267647722535247
htgr,theta8,3.0560410741957496,target_1,0.24983321885322063
htgr,theta8,3.0560410741957496,target_2,0.24880261310049379
htgr,theta8,3.0560410741957496,target_3,0.2494534516173708
htgr,theta8,3.0560410741957496,target_4,0.253047422585885
htgr,theta8,3.4567039983349614,target_1,0.24983321885322063
htgr,theta8,3.4567039983349614,target_2,0.24880261310049379
htgr,theta8,3.4567039983349614,target_3,0.2494534516173708
htgr,theta8,3.4567039983349614,target_4,0.253047422585885
htgr,theta8,3.8573669224741733,target_1,0.24983321885322063
htgr,theta8,3.8573669224741733,target_2,0.24880724573427174
htgr,theta8,3.8573669224741733,target_3,0.24947785161749095
htgr,theta8,3.8573669224741733,target_4,0.2527571583761143
htgr,theta8,4.258029846613385,target_1,0.24983321885322063
htgr,theta8,4.258029846613385,target_2,0.24915315735914775
htgr,theta8,4.258029846613385,target_3,0.24958184118003937
htgr,theta8,4.258029846613385,target_4,0.251765228380135
htgr,theta8,4.658692770752597,target_1,0.24983321885322063
htgr,theta8,4.658692770752597,target_2,0.24991138066132218
htgr,theta8,4.658692770752597,target_3,0.24992663272312776
htgr,theta8,4.658692770752597,target_4,0.25072156191788014
htgr,theta8,5.059355694891808,target_1,0.24991182814030072
htgr,theta8,5.059355694891808,target_2,0.2506204926822472
htgr,theta8,5.059355694891808,target_3,0.2500484500612577
htgr,theta8,5.059355694891808,target_4,0.24945573509464297
htgr,theta8,5.46001861903102,target_1,0.24995720215865677
htgr,theta8,5.46001861903102,target_2,0.2508514149683717
htgr,theta8,5.46001861903102,target_3,0.2504075511247769
htgr,theta8,5.46001861903102,target_4,0.24809576764631627
htgr,theta8,5.860681543170232,target_1,0.2499707583343544
htgr,theta8,5.860681543170232,target_2,0.25109925097273816
htgr,theta8,5.860681543170232,target_3,0.25042133255109306
htgr,theta8,5.860681543170232,target_4,0.24752670010760033
microreactor,theta4,0.385357106,target_1,2.567901578141666e+19
microreactor,theta4,0.385357106,target_2,2.5568131870931788e+19
microreactor,theta4,0.385357106,target_3,2.580042560654109e+19
microreactor,theta4,0.385357106,target_4,2.5775274985529102e+19
microreactor,theta4,0.7854472387857143,target_1,2.5650242292066124e+19
microreactor,theta4,0.7854472387857143,target_2,2.55871629530739e+19
microreactor,theta4,0.7854472387857143,target_3,2.5791328752697336e+19
microreactor,theta4,0.7854472387857143,target_4,2.569147488726527e+19
microreactor,theta4,1.1855373715714286,target_1,2.5623118298411426e+19
microreactor,theta4,1.1855373715714286,target_2,2.5647532261971124e+19
microreactor,theta4,1.1855373715714286,target_3,2.5725504403970126e+19
microreactor,theta4,1.1855373715714286,target_4,2.5598959601085424e+19
microreactor,theta4,1.585627504357143,target_1,2.5623194891043893e+19
microreactor,theta4,1.585627504357143,target_2,2.584609561719008e+19
microreactor,theta4,1.585627504357143,target_3,2.5722953483176825e+19
microreactor,theta4,1.585627504357143,target_4,2.5612770447590437e+19
microreactor,theta4,1.9857176371428573,target_1,2.5537082066680107e+19
microreactor,theta4,1.9857176371428573,target_2,2.5879731466606854e+19
microreactor,theta4,1.9857176371428573,target_3,2.5722486445850206e+19
microreactor,theta4,1.9857176371428573,target_4,2.549655987732783e+19
microreactor,theta4,2.3858077699285714,target_1,2.5537082066680107e+19
microreactor,theta4,2.3858077699285714,target_2,2.594083156939931e+19
microreactor,theta4,2.3858077699285714,target_3,2.5711578781535576e+19
microreactor,theta4,2.3858077699285714,target_4,2.549491769965768e+19
microreactor,theta4,2.785897902714286,target_1,2.554518822991066e+19
microreactor,theta4,2.785897902714286,target_2,2.597539418523636e+19
microreactor,theta4,2.785897902714286,target_3,2.5711578781535576e+19
microreactor,theta4,2.785897902714286,target_4,2.549491769965768e+19
microreactor,theta4,3.1859880355,target_1,2.554894892921492e+19
microreactor,theta4,3.1859880355,target_2,2.5973527656158503e+19
microreactor,theta4,3.1859880355,target_3,2.571160262146793e+19
microreactor,theta4,3.1859880355,target_4,2.5497675493883036e+19
microreactor,theta4,3.5860781682857144,target_1,2.5549249579435917e+19
microreactor,theta4,3.5860781682857144,target_2,2.5866953829545595e+19
microreactor,theta4,3.5860781682857144,target_3,2.5702414049763377e+19
microreactor,theta4,3.5860781682857144,target_4,2.5497675493883036e+19
microreactor,theta4,3.986168301071429,target_1,2.5555099277546942e+19
microreactor,theta4,3.986168301071429,target_2,2.5836885976748515e+19
microreactor,theta4,3.986168301071429,target_3,2.5724014298125656e+19
microreactor,theta4,3.986168301071429,target_4,2.5634548281812193e+19
microreactor,theta4,4.386258433857143,target_1,2.572543967935684e+19
microreactor,theta4,4.386258433857143,target_2,2.5667764501890822e+19
microreactor,theta4,4.386258433857143,target_3,2.573561387606585e+19
microreactor,theta4,4.386258433857143,target_4,2.571399542206752e+19
microreactor,theta4,4.786348566642857,target_1,2.5748013023005286e+19
microreactor,theta4,4.786348566642857,target_2,2.5590927544528556e+19
microreactor,theta4,4.786348566642857,target_3,2.5748768399743517e+19
microreactor,theta4,4.786348566642857,target_4,2.573983047928338e+19
microreactor,theta4,5.186438699428572,target_1,2.5748013023005286e+19
microreactor,theta4,5.186438699428572,target_2,2.5547248758368727e+19
microreactor,theta4,5.186438699428572,target_3,2.578720575632853e+19
microreactor,theta4,5.186438699428572,target_4,2.5846674638452814e+19
microreactor,theta4,5.586528832214286,target_1,2.5758777521297682e+19
microreactor,theta4,5.586528832214286,target_2,2.5444298280621277e+19
microreactor,theta4,5.586528832214286,target_3,2.5792318191009145e+19
microreactor,theta4,5.586528832214286,target_4,2.5847438552329572e+19
microreactor,theta4,5.986618965,target_1,2.5758777521297682e+19
microreactor,theta4,5.986618965,target_2,2.546353766977263e+19
microreactor,theta4,5.986618965,target_3,2.5842522712606646e+19
microreactor,theta4,5.986618965,target_4,2.5906950319119544e+19
microreactor,theta6,0.779047238,target_1,2.5805925166782566e+19
microreactor,theta6,0.779047238,target_2,2.58030346698079e+19
microreactor,theta6,0.779047238,target_3,2.5464482123043332e+19
microreactor,theta6,0.779047238,target_4,2.570702121575815e+19
microreactor,theta6,1.1532912402857143,target_1,2.5805475573648703e+19
microreactor,theta6,1.1532912402857143,target_2,2.580220394071883e+19
microreactor,theta6,1.1532912402857143,target_3,2.546733671402206e+19
microreactor,theta6,1.1532912402857143,target_4,2.570722516692284e+19
microreactor,theta6,1.5275352425714286,target_1,2.579253234441306e+19
microreactor,theta6,1.5275352425714286,target_2,2.5829495744952975e+19
microreactor,theta6,1.5275352425714286,target_3,2.5486592465548186e+19
microreactor,theta6,1.5275352425714286,target_4,2.570722516692284e+19
microreactor,theta6,1.9017792448571427,target_1,2.5724084662376935e+19
microreactor,theta6,1.9017792448571427,target_2,2.58195566671686e+19
microreactor,theta6,1.9017792448571427,target_3,2.5486592465548186e+19
microreactor,theta6,1.9017792448571427,target_4,2.57030939756802e+19
microreactor,theta6,2.2760232471428568,target_1,2.572109182364916e+19
microreactor,theta6,2.2760232471428568,target_2,2.5775522990294688e+19
microreactor,theta6,2.2760232471428568,target_3,2.5605740818425025e+19
microreactor,theta6,2.2760232471428568,target_4,2.5706823977613492e+19
microreactor,theta6,2.6502672494285715,target_1,2.5681493327270216e+19
microreactor,theta6,2.6502672494285715,target_2,2.5694586523247096e+19
microreactor,theta6,2.6502672494285715,target_3,2.5751208708283834e+19
microreactor,theta6,2.6502672494285715,target_4,2.5663645932796203e+19
microreactor,theta6,3.0245112517142854,target_1,2.5552803682977554e+19
microreactor,theta6,3.0245112517142854,target_2,2.566206982233014e+19
microreactor,theta6,3.0245112517142854,target_3,2.5755436663318335e+19
microreactor,theta6,3.0245112517142854,target_4,2.5657808135002386e+19
microreactor,theta6,3.3987552539999997,target_1,2.5552803682977554e+19
microreactor,theta6,3.3987552539999997,target_2,2.565475847489729e+19
microreactor,theta6,3.3987552539999997,target_3,2.6030205959487545e+19
microreactor,theta6,3.3987552539999997,target_4,2.5658822660691223e+19
microreactor,theta6,3.772999256285714,target_1,2.5544621754716357e+19
microreactor,theta6,3.772999256285714,target_2,2.565475847489729e+19
microreactor,theta6,3.772999256285714,target_3,2.6030205959487545e+19
microreactor,theta6,3.772999256285714,target_4,2.5656990999444697e+19
microreactor,theta6,4.147243258571429,target_1,2.5532964145685676e+19
microreactor,theta6,4.147243258571429,target_2,2.565401322197525e+19
microreactor,theta6,4.147243258571429,target_3,2.602958559225797e+19
microreactor,theta6,4.147243258571429,target_4,2.560758196716493e+19
microreactor,theta6,4.521487260857143,target_1,2.5532964145685676e+19
microreactor,theta6,4.521487260857143,target_2,2.565660315996449e+19
microreactor,theta6,4.521487260857143,target_3,2.603381201703107e+19
microreactor,theta6,4.521487260857143,target_4,2.5603761541454655e+19
microreactor,theta6,4.8957312631428564,target_1,2.553326012263624e+19
microreactor,theta6,4.8957312631428564,target_2,2.5657514108952977e+19
microreactor,theta6,4.8957312631428564,target_3,2.5908943715780456e+19
microreactor,theta6,4.8957312631428564,target_4,2.5603761541454655e+19
microreactor,theta6,5.26997526542857,target_1,2.553326012263624e+19
microreactor,theta6,5.26997526542857,target_2,2.570360508496016e+19
microreactor,theta6,5.26997526542857,target_3,2.5880751474338763e+19
microreactor,theta6,5.26997526542857,target_4,2.5640174300085465e+19
microreactor,theta6,5.644219267714286,target_1,2.5621714664793035e+19
microreactor,theta6,5.644219267714286,target_2,2.571080926725939e+19
microreactor,theta6,5.644219267714286,target_3,2.5771091140999012e+19
microreactor,theta6,5.644219267714286,target_4,2.5652824114029818e+19
microreactor,theta6,6.01846327,target_1,2.563107042483618e+19
microreactor,theta6,6.01846327,target_2,2.571080926725939e+19
microreactor,theta6,6.01846327,target_3,2.5606970434709434e+19
microreactor,theta6,6.01846327,target_4,2.5647962357925556e+19
