dataset,method,feature,target,corr,abs_corr
chf,pearson,D (m),CHF (kW m-2),-0.10779261533171515,0.10779261533171515
chf,pearson,L (m),CHF (kW m-2),-0.5531632351488186,0.5531632351488186
chf,pearson,P (kPa),CHF (kW m-2),-0.25810341981951934,0.25810341981951934
chf,pearson,G (kg m-2s-1),CHF (kW m-2),0.3737436064374462,0.3737436064374462
chf,pearson,Tin (C),CHF (kW m-2),-0.31559102959743696,0.31559102959743696
chf,pearson,Xe (-),CHF (kW m-2),-0.5229593290245872,0.5229593290245872
chf,spearman,D (m),CHF (kW m-2),-0.08329212315073972,0.08329212315073972
chf,spearman,L (m),CHF (kW m-2),-0.7011487711278035,0.7011487711278035
chf,spearman,P (kPa),CHF (kW m-2),-0.274580680860909,0.274580680860909
chf,spearman,G (kg m-2s-1),CHF (kW m-2),0.4071159343225495,0.4071159343225495
chf,spearman,Tin (C),CHF (kW m-2),-0.3141567509370802,0.3141567509370802
chf,spearman,Xe (-),CHF (kW m-2),-0.5398035856574195,0.5398035856574195
heat,pearson,qprime,T,0.8660290787130248,0.8660290787130248
heat,pearson,mdot,T,-0.05313319562263896,0.05313319562263896
heat,pearson,Tin,T,-0.06293195788732621,0.06293195788732621
heat,pearson,R,T,-0.015222531736251304,0.015222531736251304
heat,pearson,L,T,0.06498413500891381,0.06498413500891381
heat,pearson,Cp,T,-0.0004763721470739576,0.0004763721470739576
heat,pearson,k,T,0.2855553077887852,0.2855553077887852
heat,spearman,qprime,T,0.8797171837171838,0.8797171837171838
heat,spearman,mdot,T,-0.08001774801774802,0.08001774801774802
heat,spearman,Tin,T,-0.060823176823176825,0.060823176823176825
heat,spearman,R,T,-0.012266400266400267,0.012266400266400267
heat,spearman,L,T,0.08844390444390444,0.08844390444390444
heat,spearman,Cp,T,-0.01599012399012399,0.01599012399012399
heat,spearman,k,T,0.4034469554469554,0.4034469554469554
xs,pearson,FissionFast,k,0.557535756843781,0.557535756843781
xs,pearson,CaptureFast,k,-0.5443132726496555,0.5443132726496555
xs,pearson,FissionThermal,k,0.6787740360063393,0.6787740360063393
xs,pearson,CaptureThermal,k,-0.3176857643947431,0.3176857643947431
xs,pearson,Scatter12,k,-0.23674412194389743,0.23674412194389743
xs,pearson,Scatter11,k,-0.27460040200772035,0.27460040200772035
xs,pearson,Scatter21,k,-0.10952151254751943,0.10952151254751943
xs,pearson,Scatter22,k,0.0566195894266744,0.0566195894266744
xs,spearman,FissionFast,k,0.5553785486901102,0.5553785486901102
xs,spearman,CaptureFast,k,-0.5307780376943998,0.5307780376943998
xs,spearman,FissionThermal,k,0.6778349391546452,0.6778349391546452
xs,spearman,CaptureThermal,k,-0.2931214266769276,0.2931214266769276
xs,spearman,Scatter12,k,-0.23806431019909774,0.23806431019909774
xs,spearman,Scatter11,k,-0.27154228771751177,0.27154228771751177
xs,spearman,Scatter21,k,-0.11733454832727591,0.11733454832727591
xs,spearman,Scatter22,k,0.0475591605749137,0.0475591605749137
bwr,pearson,PSZ,K-eff,0.040372995839443745,0.040372995839443745
bwr,pearson,PSZ,Max3Pin,-0.04135582142396112,0.04135582142396112
bwr,pearson,PSZ,Max4Pin,-0.04249741921581855,0.04249741921581855
bwr,pearson,PSZ,F-delta-H,-0.022502493544767115,0.022502493544767115
bwr,pearson,PSZ,Max-Fxy,-0.08688474801839478,0.08688474801839478
bwr,pearson,DOM,K-eff,-0.040372995839443725,0.040372995839443725
bwr,pearson,DOM,Max3Pin,0.04135582142396112,0.04135582142396112
bwr,pearson,DOM,Max4Pin,0.042497419215818504,0.042497419215818504
bwr,pearson,DOM,F-delta-H,0.022502493544767056,0.022502493544767056
bwr,pearson,DOM,Max-Fxy,0.08688474801839477,0.08688474801839477
bwr,pearson,vanA,K-eff,0.015429680595441876,0.015429680595441876
bwr,pearson,vanA,Max3Pin,-0.02385906854480019,0.02385906854480019
bwr,pearson,vanA,Max4Pin,-0.02268973611577404,0.02268973611577404
bwr,pearson,vanA,F-delta-H,-0.03558789820718031,0.03558789820718031
bwr,pearson,vanA,Max-Fxy,0.013224289186369576,0.013224289186369576
bwr,pearson,vanB,K-eff,-0.015429680595441869,0.015429680595441869
bwr,pearson,vanB,Max3Pin,0.023859068544800237,0.023859068544800237
bwr,pearson,vanB,Max4Pin,0.022689736115774052,0.022689736115774052
bwr,pearson,vanB,F-delta-H,0.03558789820718031,0.03558789820718031
bwr,pearson,vanB,Max-Fxy,-0.013224289186369566,0.013224289186369566
bwr,pearson,subcool,K-eff,0.010872769352332804,0.010872769352332804
bwr,pearson,subcool,Max3Pin,0.013051257275469082,0.013051257275469082
bwr,pearson,subcool,Max4Pin,0.01398033734996711,0.01398033734996711
bwr,pearson,subcool,F-delta-H,-0.0003688961759626668,0.0003688961759626668
bwr,pearson,subcool,Max-Fxy,-0.002103620796180408,0.002103620796180408
bwr,pearson,CRD,K-eff,0.7978581926651381,0.7978581926651381
bwr,pearson,CRD,Max3Pin,-0.9213257716272801,0.9213257716272801
bwr,pearson,CRD,Max4Pin,-0.9174563851117118,0.9174563851117118
bwr,pearson,CRD,F-delta-H,-0.7057912912375987,0.7057912912375987
bwr,pearson,CRD,Max-Fxy,-0.5385854873539715,0.5385854873539715
bwr,pearson,flow_rate,K-eff,-0.011738795422202712,0.011738795422202712
bwr,pearson,flow_rate,Max3Pin,0.00033949866488928163,0.00033949866488928163
bwr,pearson,flow_rate,Max4Pin,0.0016968804209313304,0.0016968804209313304
bwr,pearson,flow_rate,F-delta-H,-0.01819117949526437,0.01819117949526437
bwr,pearson,flow_rate,Max-Fxy,-0.02684391409664751,0.02684391409664751
bwr,pearson,power_density,K-eff,-0.043438180490316024,0.043438180490316024
bwr,pearson,power_density,Max3Pin,0.020701452117325714,0.020701452117325714
bwr,pearson,power_density,Max4Pin,0.02287495020854041,0.02287495020854041
bwr,pearson,power_density,F-delta-H,0.0028195020123330445,0.0028195020123330445
bwr,pearson,power_density,Max-Fxy,-0.016105865271532013,0.016105865271532013
bwr,pearson,VFNGAP,K-eff,0.004666589810244353,0.004666589810244353
bwr,pearson,VFNGAP,Max3Pin,0.0034933117174952813,0.0034933117174952813
bwr,pearson,VFNGAP,Max4Pin,0.003258468222952563,0.003258468222952563
bwr,pearson,VFNGAP,F-delta-H,-0.0037098600920575336,0.0037098600920575336
bwr,pearson,VFNGAP,Max-Fxy,-0.0025822760199389894,0.0025822760199389894
bwr,spearman,PSZ,K-eff,0.04892954751676901,0.04892954751676901
bwr,spearman,PSZ,Max3Pin,-0.06311782741147413,0.06311782741147413
bwr,spearman,PSZ,Max4Pin,-0.06295224548283257,0.06295224548283257
bwr,spearman,PSZ,F-delta-H,-0.023710583913412665,0.023710583913412665
bwr,spearman,PSZ,Max-Fxy,-0.4025262633309785,0.4025262633309785
bwr,spearman,DOM,K-eff,-0.04892954751676901,0.04892954751676901
bwr,spearman,DOM,Max3Pin,0.06311782741147413,0.06311782741147413
bwr,spearman,DOM,Max4Pin,0.06295224548283257,0.06295224548283257
bwr,spearman,DOM,F-delta-H,0.023710583913412665,0.023710583913412665
bwr,spearman,DOM,Max-Fxy,0.4025262633309785,0.4025262633309785
bwr,spearman,vanA,K-eff,0.01312767523051748,0.01312767523051748
bwr,spearman,vanA,Max3Pin,-0.013424451057814318,0.013424451057814318
bwr,spearman,vanA,Max4Pin,-0.013616894547857264,0.013616894547857264
bwr,spearman,vanA,F-delta-H,-0.03887195900724393,0.03887195900724393
bwr,spearman,vanA,Max-Fxy,-0.0031322492885010136,0.0031322492885010136
bwr,spearman,vanB,K-eff,-0.01312767523051748,0.01312767523051748
bwr,spearman,vanB,Max3Pin,0.013424451057814318,0.013424451057814318
bwr,spearman,vanB,Max4Pin,0.013616894547857264,0.013616894547857264
bwr,spearman,vanB,F-delta-H,0.03887195900724393,0.03887195900724393
bwr,spearman,vanB,Max-Fxy,0.0031322492885010136,0.0031322492885010136
bwr,spearman,subcool,K-eff,0.05113756180044052,0.05113756180044052
bwr,spearman,subcool,Max3Pin,0.02816970191981578,0.02816970191981578
bwr,spearman,subcool,Max4Pin,0.02771559562209948,0.02771559562209948
bwr,spearman,subcool,F-delta-H,-0.010202344261809876,0.010202344261809876
bwr,spearman,subcool,Max-Fxy,-0.012001047590392144,0.012001047590392144
bwr,spearman,CRD,K-eff,0.9905164319852853,0.9905164319852853
bwr,spearman,CRD,Max3Pin,-0.9514971801353658,0.9514971801353658
bwr,spearman,CRD,Max4Pin,-0.9524865896921325,0.9524865896921325
bwr,spearman,CRD,F-delta-H,-0.7581476385104122,0.7581476385104122
bwr,spearman,CRD,Max-Fxy,-0.6027680911269562,0.6027680911269562
bwr,spearman,flow_rate,K-eff,0.030337014229181242,0.030337014229181242
bwr,spearman,flow_rate,Max3Pin,0.0021237697448250477,0.0021237697448250477
bwr,spearman,flow_rate,Max4Pin,0.000721948890807433,0.000721948890807433
bwr,spearman,flow_rate,F-delta-H,-0.02124479194258914,0.02124479194258914
bwr,spearman,flow_rate,Max-Fxy,-0.027997520960448913,0.027997520960448913
bwr,spearman,power_density,K-eff,-0.09945479793004577,0.09945479793004577
bwr,spearman,power_density,Max3Pin,0.008439256374426482,0.008439256374426482
bwr,spearman,power_density,Max4Pin,0.013811505564205722,0.013811505564205722
bwr,spearman,power_density,F-delta-H,0.004938366004709306,0.004938366004709306
bwr,spearman,power_density,Max-Fxy,-0.0072781839336561,0.0072781839336561
bwr,spearman,VFNGAP,K-eff,0.01294279005305164,0.01294279005305164
bwr,spearman,VFNGAP,Max3Pin,-0.00586025877857963,0.00586025877857963
bwr,spearman,VFNGAP,Max4Pin,-0.0067310866451374286,0.0067310866451374286
bwr,spearman,VFNGAP,F-delta-H,-0.004981422067569695,0.004981422067569695
bwr,spearman,VFNGAP,Max-Fxy,-0.01905222608571568,0.01905222608571568
fp,pearson,fuel_dens,fis_gas_produced,-0.039526790362994856,0.039526790362994856
fp,pearson,fuel_dens,max_fuel_centerline_temp,-0.037339530276274104,0.037339530276274104
fp,pearson,fuel_dens,max_fuel_surface_temp,0.012043942043988546,0.012043942043988546
fp,pearson,fuel_dens,radial_clad_dia,-0.020252885704204398,0.020252885704204398
fp,pearson,porosity,fis_gas_produced,-0.05925485952304715,0.05925485952304715
fp,pearson,porosity,max_fuel_centerline_temp,0.48389549353427797,0.48389549353427797
fp,pearson,porosity,max_fuel_surface_temp,0.010097794404921475,0.010097794404921475
fp,pearson,porosity,radial_clad_dia,0.36159727366124467,0.36159727366124467
fp,pearson,clad_thick,fis_gas_produced,0.04938018723219117,0.04938018723219117
fp,pearson,clad_thick,max_fuel_centerline_temp,0.04011443621395856,0.04011443621395856
fp,pearson,clad_thick,max_fuel_surface_temp,0.07233500257760572,0.07233500257760572
fp,pearson,clad_thick,radial_clad_dia,0.0547020714184476,0.0547020714184476
fp,pearson,pellet_OD,fis_gas_produced,0.04449298111247375,0.04449298111247375
fp,pearson,pellet_OD,max_fuel_centerline_temp,-0.0081871607984424,0.0081871607984424
fp,pearson,pellet_OD,max_fuel_surface_temp,-0.03928526017161245,0.03928526017161245
fp,pearson,pellet_OD,radial_clad_dia,0.0388259416701926,0.0388259416701926
fp,pearson,pellet_h,fis_gas_produced,0.8954128389929719,0.8954128389929719
fp,pearson,pellet_h,max_fuel_centerline_temp,-0.07985199393950526,0.07985199393950526
fp,pearson,pellet_h,max_fuel_surface_temp,-0.13525295739458235,0.13525295739458235
fp,pearson,pellet_h,radial_clad_dia,-0.08525546794728554,0.08525546794728554
fp,pearson,gap_thick,fis_gas_produced,-0.06499339214576881,0.06499339214576881
fp,pearson,gap_thick,max_fuel_centerline_temp,-0.11120755922776299,0.11120755922776299
fp,pearson,gap_thick,max_fuel_surface_temp,-0.06829604345174006,0.06829604345174006
fp,pearson,gap_thick,radial_clad_dia,-0.18048356876075677,0.18048356876075677
fp,pearson,inlet_T,fis_gas_produced,-0.07171987255031904,0.07171987255031904
fp,pearson,inlet_T,max_fuel_centerline_temp,0.041886224893429774,0.041886224893429774
fp,pearson,inlet_T,max_fuel_surface_temp,0.09754424983423501,0.09754424983423501
fp,pearson,inlet_T,radial_clad_dia,0.06515804549254209,0.06515804549254209
fp,pearson,enrich,fis_gas_produced,0.005971256693115025,0.005971256693115025
fp,pearson,enrich,max_fuel_centerline_temp,0.008742385966178032,0.008742385966178032
fp,pearson,enrich,max_fuel_surface_temp,0.006648187336810778,0.006648187336810778
fp,pearson,enrich,radial_clad_dia,-0.003905247111943781,0.003905247111943781
fp,pearson,rough_fuel,fis_gas_produced,-0.03489002829926842,0.03489002829926842
fp,pearson,rough_fuel,max_fuel_centerline_temp,0.18773368477978095,0.18773368477978095
fp,pearson,rough_fuel,max_fuel_surface_temp,0.44699859752137244,0.44699859752137244
fp,pearson,rough_fuel,radial_clad_dia,0.23006229426241284,0.23006229426241284
fp,pearson,rough_clad,fis_gas_produced,-0.0006042507842734261,0.0006042507842734261
fp,pearson,rough_clad,max_fuel_centerline_temp,-0.033218204470117474,0.033218204470117474
fp,pearson,rough_clad,max_fuel_surface_temp,-0.05148780747640191,0.05148780747640191
fp,pearson,rough_clad,radial_clad_dia,-0.03806383878463352,0.03806383878463352
fp,pearson,ax_pow,fis_gas_produced,0.4145582256433814,0.4145582256433814
fp,pearson,ax_pow,max_fuel_centerline_temp,0.7580644503091057,0.7580644503091057
fp,pearson,ax_pow,max_fuel_surface_temp,0.30954969905011853,0.30954969905011853
fp,pearson,ax_pow,radial_clad_dia,0.754819118311195,0.754819118311195
fp,pearson,clad_T,fis_gas_produced,-0.04180619488270822,0.04180619488270822
fp,pearson,clad_T,max_fuel_centerline_temp,0.3605058100001973,0.3605058100001973
fp,pearson,clad_T,max_fuel_surface_temp,0.810443785121335,0.810443785121335
fp,pearson,clad_T,radial_clad_dia,0.49081643275321374,0.49081643275321374
fp,pearson,pressure,fis_gas_produced,-0.09171430409573414,0.09171430409573414
fp,pearson,pressure,max_fuel_centerline_temp,0.0041268975933575385,0.0041268975933575385
fp,pearson,pressure,max_fuel_surface_temp,0.054579556984739895,0.054579556984739895
fp,pearson,pressure,radial_clad_dia,0.009478164402702863,0.009478164402702863
fp,spearman,fuel_dens,fis_gas_produced,-0.059113171476818153,0.059113171476818153
fp,spearman,fuel_dens,max_fuel_centerline_temp,-0.07537767177433492,0.07537767177433492
fp,spearman,fuel_dens,max_fuel_surface_temp,6.432310004925234e-05,6.432310004925234e-05
fp,spearman,fuel_dens,radial_clad_dia,-0.05281086670125465,0.05281086670125465
fp,spearman,porosity,fis_gas_produced,-0.04711679126567382,0.04711679126567382
fp,spearman,porosity,max_fuel_centerline_temp,0.4669109838530108,0.4669109838530108
fp,spearman,porosity,max_fuel_surface_temp,0.014441623541000584,0.014441623541000584
fp,spearman,porosity,radial_clad_dia,0.3452898030558753,0.3452898030558753
fp,spearman,clad_thick,fis_gas_produced,0.05181069500434473,0.05181069500434473
fp,spearman,clad_thick,max_fuel_centerline_temp,0.040267253972962,0.040267253972962
fp,spearman,clad_thick,max_fuel_surface_temp,0.07453866561323376,0.07453866561323376
fp,spearman,clad_thick,radial_clad_dia,0.060918207635983004,0.060918207635983004
fp,spearman,pellet_OD,fis_gas_produced,0.035313960776053734,0.035313960776053734
fp,spearman,pellet_OD,max_fuel_centerline_temp,-0.02277526917257303,0.02277526917257303
fp,spearman,pellet_OD,max_fuel_surface_temp,-0.015581598557835854,0.015581598557835854
fp,spearman,pellet_OD,radial_clad_dia,0.023459189317278466,0.023459189317278466
fp,spearman,pellet_h,fis_gas_produced,0.8889077587082823,0.8889077587082823
fp,spearman,pellet_h,max_fuel_centerline_temp,-0.06097063467653489,0.06097063467653489
fp,spearman,pellet_h,max_fuel_surface_temp,-0.1254778301665157,0.1254778301665157
fp,spearman,pellet_h,radial_clad_dia,-0.06611302958485421,0.06611302958485421
fp,spearman,gap_thick,fis_gas_produced,-0.0686915770918072,0.0686915770918072
fp,spearman,gap_thick,max_fuel_centerline_temp,-0.09184694358980518,0.09184694358980518
fp,spearman,gap_thick,max_fuel_surface_temp,-0.07124824306827067,0.07124824306827067
fp,spearman,gap_thick,radial_clad_dia,-0.16563530275624924,0.16563530275624924
fp,spearman,inlet_T,fis_gas_produced,-0.09925717979390107,0.09925717979390107
fp,spearman,inlet_T,max_fuel_centerline_temp,0.06426763296124134,0.06426763296124134
fp,spearman,inlet_T,max_fuel_surface_temp,0.11211683620212366,0.11211683620212366
fp,spearman,inlet_T,radial_clad_dia,0.07802978723572193,0.07802978723572193
fp,spearman,enrich,fis_gas_produced,-0.02877813856758315,0.02877813856758315
fp,spearman,enrich,max_fuel_centerline_temp,0.01128018461351266,0.01128018461351266
fp,spearman,enrich,max_fuel_surface_temp,0.009931992729288516,0.009931992729288516
fp,spearman,enrich,radial_clad_dia,0.005326941762130709,0.005326941762130709
fp,spearman,rough_fuel,fis_gas_produced,-0.012088050121689545,0.012088050121689545
fp,spearman,rough_fuel,max_fuel_centerline_temp,0.1663505241875113,0.1663505241875113
fp,spearman,rough_fuel,max_fuel_surface_temp,0.4110404892606806,0.4110404892606806
fp,spearman,rough_fuel,radial_clad_dia,0.20383222400484272,0.20383222400484272
fp,spearman,rough_clad,fis_gas_produced,0.0046980646305763585,0.0046980646305763585
fp,spearman,rough_clad,max_fuel_centerline_temp,-0.03790626950807869,0.03790626950807869
fp,spearman,rough_clad,max_fuel_surface_temp,-0.06316727145058813,0.06316727145058813
fp,spearman,rough_clad,radial_clad_dia,-0.044491205552687756,0.044491205552687756
fp,spearman,ax_pow,fis_gas_produced,0.389483101446391,0.389483101446391
fp,spearman,ax_pow,max_fuel_centerline_temp,0.7227642670934626,0.7227642670934626
fp,spearman,ax_pow,max_fuel_surface_temp,0.2891369071713264,0.2891369071713264
fp,spearman,ax_pow,radial_clad_dia,0.7175714162156619,0.7175714162156619
fp,spearman,clad_T,fis_gas_produced,-0.011690428084985327,0.011690428084985327
fp,spearman,clad_T,max_fuel_centerline_temp,0.37381628491669067,0.37381628491669067
fp,spearman,clad_T,max_fuel_surface_temp,0.8016136198920761,0.8016136198920761
fp,spearman,clad_T,radial_clad_dia,0.5030969687417961,0.5030969687417961
fp,spearman,pressure,fis_gas_produced,-0.10325637832333533,0.10325637832333533
fp,spearman,pressure,max_fuel_centerline_temp,0.026608661951966386,0.026608661951966386
fp,spearman,pressure,max_fuel_surface_temp,0.05320785499621576,0.05320785499621576
fp,spearman,pressure,radial_clad_dia,0.025261837836149333,0.025261837836149333
rea,pearson,rod_worth,max_power,0.6950004439602366,0.6950004439602366
rea,pearson,rod_worth,burst_width,-0.5358553861072587,0.5358553861072587
rea,pearson,rod_worth,max_Tf,0.7817901420033477,0.7817901420033477
rea,pearson,rod_worth,avg_Tcool,0.7739531899012045,0.7739531899012045
rea,pearson,beta,max_power,-0.6213079476217059,0.6213079476217059
rea,pearson,beta,burst_width,0.5216192425105022,0.5216192425105022
rea,pearson,beta,max_Tf,-0.5889021190616079,0.5889021190616079
rea,pearson,beta,avg_Tcool,-0.5984560627445419,0.5984560627445419
rea,pearson,h_gap,max_power,0.014169474742010182,0.014169474742010182
rea,pearson,h_gap,burst_width,0.017197522972342703,0.017197522972342703
rea,pearson,h_gap,max_Tf,-0.1125083461256555,0.1125083461256555
rea,pearson,h_gap,avg_Tcool,0.10646969954501384,0.10646969954501384
rea,pearson,gamma_frac,max_power,-0.021881685364241864,0.021881685364241864
rea,pearson,gamma_frac,burst_width,-0.0022123937860027113,0.0022123937860027113
rea,pearson,gamma_frac,max_Tf,-0.04050381697975444,0.04050381697975444
rea,pearson,gamma_frac,avg_Tcool,0.004662552456222651,0.004662552456222651
rea,spearman,rod_worth,max_power,0.7489402248829605,0.7489402248829605
rea,spearman,rod_worth,burst_width,-0.7662217430497963,0.7662217430497963
rea,spearman,rod_worth,max_Tf,0.8045372001742628,0.8045372001742628
rea,spearman,rod_worth,avg_Tcool,0.7849645337747522,0.7849645337747522
rea,spearman,beta,max_power,-0.6280058451970074,0.6280058451970074
rea,spearman,beta,burst_width,0.5997643538207487,0.5997643538207487
rea,spearman,beta,max_Tf,-0.5445874470150603,0.5445874470150603
rea,spearman,beta,avg_Tcool,-0.5745375512938025,0.5745375512938025
rea,spearman,h_gap,max_power,0.00016367104220667,0.00016367104220667
rea,spearman,h_gap,burst_width,0.02534620121281759,0.02534620121281759
rea,spearman,h_gap,max_Tf,-0.1182357054342773,0.1182357054342773
rea,spearman,h_gap,avg_Tcool,0.08680743039730954,0.08680743039730954
rea,spearman,gamma_frac,max_power,-0.012951963339987545,0.012951963339987545
rea,spearman,gamma_frac,burst_width,-0.019476623143188924,0.019476623143188924
rea,spearman,gamma_frac,max_Tf,-0.03481742472091855,0.03481742472091855
rea,spearman,gamma_frac,avg_Tcool,0.00892688464454237,0.00892688464454237
powery,pearson,CR1,A-2,-0.3087849680889827,0.3087849680889827
powery,pearson,CR1,B-1,0.26911070337576387,0.26911070337576387
powery,pearson,CR1,B-2,0.2654815589401773,0.2654815589401773
powery,pearson,CR1,B-4,-0.4244021119526941,0.4244021119526941
powery,pearson,CR1,B-5,-0.5600203397691303,0.5600203397691303
powery,pearson,CR1,B-7,-0.4463871481031584,0.4463871481031584
powery,pearson,CR1,B-8,-0.25319536464995646,0.25319536464995646
powery,pearson,CR1,C-1,0.8817583943189213,0.8817583943189213
powery,pearson,CR1,C-2,0.9129332086484012,0.9129332086484012
powery,pearson,CR1,C-3,0.6515499781554341,0.6515499781554341
powery,pearson,CR1,C-4,0.07967372084268631,0.07967372084268631
powery,pearson,CR1,C-5,-0.06508739791720734,0.06508739791720734
powery,pearson,CR1,C-6,-0.19542844348976318,0.19542844348976318
powery,pearson,CR1,C-7,-0.24431206435398142,0.24431206435398142
powery,pearson,CR1,C-8,-0.26610546581650507,0.26610546581650507
powery,pearson,CR1,C-9,-0.2302599315590897,0.2302599315590897
powery,pearson,CR1,C-10,-0.24732977072869416,0.24732977072869416
powery,pearson,CR1,C-11,-0.21759905536890356,0.21759905536890356
powery,pearson,CR1,C-12,-0.16082337770742083,0.16082337770742083
powery,pearson,CR1,C-13,-0.12366268694567865,0.12366268694567865
powery,pearson,CR1,C-14,-0.05073815344795856,0.05073815344795856
powery,pearson,CR1,C-15,0.1789842255619488,0.1789842255619488
powery,pearson,CR2,A-2,-0.25743021637395685,0.25743021637395685
powery,pearson,CR2,B-1,-0.2319151390569116,0.2319151390569116
powery,pearson,CR2,B-2,0.2218644877912771,0.2218644877912771
powery,pearson,CR2,B-4,-0.04461183207833342,0.04461183207833342
powery,pearson,CR2,B-5,-0.4800968168565601,0.4800968168565601
powery,pearson,CR2,B-7,-0.6725192868187285,0.6725192868187285
powery,pearson,CR2,B-8,-0.5938961447244496,0.5938961447244496
powery,pearson,CR2,C-1,-0.08068864654311052,0.08068864654311052
powery,pearson,CR2,C-2,0.076141493404571,0.076141493404571
powery,pearson,CR2,C-3,0.647538353590776,0.647538353590776
powery,pearson,CR2,C-4,0.9175869176349156,0.9175869176349156
powery,pearson,CR2,C-5,0.8848294364582118,0.8848294364582118
powery,pearson,CR2,C-6,0.22711857713531472,0.22711857713531472
powery,pearson,CR2,C-7,-0.02821059873520796,0.02821059873520796
powery,pearson,CR2,C-8,-0.182018520484156,0.182018520484156
powery,pearson,CR2,C-9,-0.28368170830946404,0.28368170830946404
powery,pearson,CR2,C-10,-0.3410103722962893,0.3410103722962893
powery,pearson,CR2,C-11,-0.2827747866726213,0.2827747866726213
powery,pearson,CR2,C-12,-0.24239216155449375,0.24239216155449375
powery,pearson,CR2,C-13,-0.23697586131512766,0.23697586131512766
powery,pearson,CR2,C-14,-0.2324847924824499,0.2324847924824499
powery,pearson,CR2,C-15,-0.2188597824296408,0.2188597824296408
powery,pearson,CR3,A-2,-0.3380142713970339,0.3380142713970339
powery,pearson,CR3,B-1,-0.6070602846910669,0.6070602846910669
powery,pearson,CR3,B-2,-0.3697952234213503,0.3697952234213503
powery,pearson,CR3,B-4,0.2231125033305895,0.2231125033305895
powery,pearson,CR3,B-5,0.1867358469168962,0.1867358469168962
powery,pearson,CR3,B-7,-0.4954555986141227,0.4954555986141227
powery,pearson,CR3,B-8,-0.6139082280750515,0.6139082280750515
powery,pearson,CR3,C-1,-0.3332599671310628,0.3332599671310628
powery,pearson,CR3,C-2,-0.2546385877017334,0.2546385877017334
powery,pearson,CR3,C-3,-0.1568831230891338,0.1568831230891338
powery,pearson,CR3,C-4,-0.031122663241760284,0.031122663241760284
powery,pearson,CR3,C-5,0.21131300083555388,0.21131300083555388
powery,pearson,CR3,C-6,0.8870333250474811,0.8870333250474811
powery,pearson,CR3,C-7,0.9304045056801045,0.9304045056801045
powery,pearson,CR3,C-8,0.6611975756391594,0.6611975756391594
powery,pearson,CR3,C-9,0.060722629342112575,0.060722629342112575
powery,pearson,CR3,C-10,-0.06810939053571093,0.06810939053571093
powery,pearson,CR3,C-11,-0.1485495714031795,0.1485495714031795
powery,pearson,CR3,C-12,-0.19441882848742906,0.19441882848742906
powery,pearson,CR3,C-13,-0.22733954353320188,0.22733954353320188
powery,pearson,CR3,C-14,-0.2642685050902557,0.2642685050902557
powery,pearson,CR3,C-15,-0.3352245688474125,0.3352245688474125
powery,pearson,CR4,A-2,-0.4241180997052471,0.4241180997052471
powery,pearson,CR4,B-1,-0.5930298550157495,0.5930298550157495
powery,pearson,CR4,B-2,-0.616616010315938,0.616616010315938
powery,pearson,CR4,B-4,-0.24348425731472453,0.24348425731472453
powery,pearson,CR4,B-5,0.28183919483234654,0.28183919483234654
powery,pearson,CR4,B-7,0.022672472906291586,0.022672472906291586
powery,pearson,CR4,B-8,-0.2921579521138797,0.2921579521138797
powery,pearson,CR4,C-1,-0.31174571087355035,0.31174571087355035
powery,pearson,CR4,C-2,-0.30547053077088815,0.30547053077088815
powery,pearson,CR4,C-3,-0.3287511330737819,0.3287511330737819
powery,pearson,CR4,C-4,-0.29896888823342327,0.29896888823342327
powery,pearson,CR4,C-5,-0.2648557265863227,0.2648557265863227
powery,pearson,CR4,C-6,-0.10476842414809712,0.10476842414809712
powery,pearson,CR4,C-7,0.0691739213053992,0.0691739213053992
powery,pearson,CR4,C-8,0.6728019677792256,0.6728019677792256
powery,pearson,CR4,C-9,0.9368555864576507,0.9368555864576507
powery,pearson,CR4,C-10,0.8980032775895054,0.8980032775895054
powery,pearson,CR4,C-11,0.24044565145285945,0.24044565145285945
powery,pearson,CR4,C-12,-0.012237885735646485,0.012237885735646485
powery,pearson,CR4,C-13,-0.07983973966193772,0.07983973966193772
powery,pearson,CR4,C-14,-0.1304928208336731,0.1304928208336731
powery,pearson,CR4,C-15,-0.22558546670583207,0.22558546670583207
powery,pearson,CR5,A-2,-0.5461347818130821,0.5461347818130821
powery,pearson,CR5,B-1,-0.4464461171508928,0.4464461171508928
powery,pearson,CR5,B-2,-0.5494312853506136,0.5494312853506136
powery,pearson,CR5,B-4,-0.5664927607687664,0.5664927607687664
powery,pearson,CR5,B-5,-0.3326456385158639,0.3326456385158639
powery,pearson,CR5,B-7,0.20800581042324773,0.20800581042324773
powery,pearson,CR5,B-8,0.17205690930220832,0.17205690930220832
powery,pearson,CR5,C-1,-0.18996313765440603,0.18996313765440603
powery,pearson,CR5,C-2,-0.2123995686551649,0.2123995686551649
powery,pearson,CR5,C-3,-0.2079017765257114,0.2079017765257114
powery,pearson,CR5,C-4,-0.20137291098256907,0.20137291098256907
powery,pearson,CR5,C-5,-0.22170148169432605,0.22170148169432605
powery,pearson,CR5,C-6,-0.22356984019434126,0.22356984019434126
powery,pearson,CR5,C-7,-0.16694176068791614,0.16694176068791614
powery,pearson,CR5,C-8,-0.1157321288210365,0.1157321288210365
powery,pearson,CR5,C-9,-0.04497863705950153,0.04497863705950153
powery,pearson,CR5,C-10,0.17505187057811214,0.17505187057811214
powery,pearson,CR5,C-11,0.8731983040315366,0.8731983040315366
powery,pearson,CR5,C-12,0.9127975256633507,0.9127975256633507
powery,pearson,CR5,C-13,0.6465196291206894,0.6465196291206894
powery,pearson,CR5,C-14,0.04606368541842896,0.04606368541842896
powery,pearson,CR5,C-15,-0.10364455247200267,0.10364455247200267
powery,pearson,CR6,A-2,-0.4672758393693491,0.4672758393693491
powery,pearson,CR6,B-1,-0.061867756018566804,0.061867756018566804
powery,pearson,CR6,B-2,-0.3314008267688942,0.3314008267688942
powery,pearson,CR6,B-4,-0.5891693231107942,0.5891693231107942
powery,pearson,CR6,B-5,-0.4823707881436855,0.4823707881436855
powery,pearson,CR6,B-7,-0.14523975879345594,0.14523975879345594
powery,pearson,CR6,B-8,0.22732741339358872,0.22732741339358872
powery,pearson,CR6,C-1,0.11452946359925466,0.11452946359925466
powery,pearson,CR6,C-2,-0.0814995788220041,0.0814995788220041
powery,pearson,CR6,C-3,-0.15886311896525654,0.15886311896525654
powery,pearson,CR6,C-4,-0.1973304062631441,0.1973304062631441
powery,pearson,CR6,C-5,-0.2482532180181406,0.2482532180181406
powery,pearson,CR6,C-6,-0.24245614219601258,0.24245614219601258
powery,pearson,CR6,C-7,-0.21024380393056674,0.21024380393056674
powery,pearson,CR6,C-8,-0.18182849065924486,0.18182849065924486
powery,pearson,CR6,C-9,-0.13648510172427727,0.13648510172427727
powery,pearson,CR6,C-10,-0.11114311183297082,0.11114311183297082
powery,pearson,CR6,C-11,-0.060021218436366396,0.060021218436366396
powery,pearson,CR6,C-12,0.06531610971600064,0.06531610971600064
powery,pearson,CR6,C-13,0.6417978955576193,0.6417978955576193
powery,pearson,CR6,C-14,0.9192366484377718,0.9192366484377718
powery,pearson,CR6,C-15,0.8602274863268883,0.8602274863268883
powery,spearman,CR1,A-2,-0.2917019197019197,0.2917019197019197
powery,spearman,CR1,B-1,0.25841315441315443,0.25841315441315443
powery,spearman,CR1,B-2,0.26333039933039937,0.26333039933039937
powery,spearman,CR1,B-4,-0.4095142335142336,0.4095142335142336
powery,spearman,CR1,B-5,-0.5525282405282406,0.5525282405282406
powery,spearman,CR1,B-7,-0.43521033921033925,0.43521033921033925
powery,spearman,CR1,B-8,-0.24167992440496416,0.24167992440496416
powery,spearman,CR1,C-1,0.8893808413808415,0.8893808413808415
powery,spearman,CR1,C-2,0.9169698529698531,0.9169698529698531
powery,spearman,CR1,C-3,0.6483873963873964,0.6483873963873964
powery,spearman,CR1,C-4,0.07474128274128275,0.07474128274128275
powery,spearman,CR1,C-5,-0.05993419193419194,0.05993419193419194
powery,spearman,CR1,C-6,-0.18022258822258821,0.18022258822258821
powery,spearman,CR1,C-7,-0.2281835641835642,0.2281835641835642
powery,spearman,CR1,C-8,-0.25744439344439346,0.25744439344439346
powery,spearman,CR1,C-9,-0.22345029145029147,0.22345029145029147
powery,spearman,CR1,C-10,-0.24085149685149687,0.24085149685149687
powery,spearman,CR1,C-11,-0.21411289011289011,0.21411289011289011
powery,spearman,CR1,C-12,-0.15674594474594478,0.15674594474594478
powery,spearman,CR1,C-13,-0.11742230142230142,0.11742230142230142
powery,spearman,CR1,C-14,-0.04837214437214437,0.04837214437214437
powery,spearman,CR1,C-15,0.16455002055002058,0.16455002055002058
powery,spearman,CR2,A-2,-0.24994694194694198,0.24994694194694198
powery,spearman,CR2,B-1,-0.22193510993510993,0.22193510993510993
powery,spearman,CR2,B-2,0.21879021879021882,0.21879021879021882
powery,spearman,CR2,B-4,-0.04798689598689599,0.04798689598689599
powery,spearman,CR2,B-5,-0.46957474957474965,0.46957474957474965
powery,spearman,CR2,B-7,-0.6691018651018651,0.6691018651018651
powery,spearman,CR2,B-8,-0.5881057818700993,0.5881057818700993
powery,spearman,CR2,C-1,-0.06542262542262542,0.06542262542262542
powery,spearman,CR2,C-2,0.08162002562002563,0.08162002562002563
powery,spearman,CR2,C-3,0.6397257997257998,0.6397257997257998
powery,spearman,CR2,C-4,0.9211380451380452,0.9211380451380452
powery,spearman,CR2,C-5,0.8915638715638716,0.8915638715638716
powery,spearman,CR2,C-6,0.21189612789612794,0.21189612789612794
powery,spearman,CR2,C-7,-0.028886788886788885,0.028886788886788885
powery,spearman,CR2,C-8,-0.17222706422706424,0.17222706422706424
powery,spearman,CR2,C-9,-0.27911028311028313,0.27911028311028313
powery,spearman,CR2,C-10,-0.33105263505263505,0.33105263505263505
powery,spearman,CR2,C-11,-0.2711847911847912,0.2711847911847912
powery,spearman,CR2,C-12,-0.2271780111780112,0.2271780111780112
powery,spearman,CR2,C-13,-0.21932159132159132,0.21932159132159132
powery,spearman,CR2,C-14,-0.22175578175578176,0.22175578175578176
powery,spearman,CR2,C-15,-0.2090949050949051,0.2090949050949051
powery,spearman,CR3,A-2,-0.3241833121833122,0.3241833121833122
powery,spearman,CR3,B-1,-0.6017114537114537,0.6017114537114537
powery,spearman,CR3,B-2,-0.35771571371571376,0.35771571371571376
powery,spearman,CR3,B-4,0.2133523293523294,0.2133523293523294
powery,spearman,CR3,B-5,0.1815657615657616,0.1815657615657616
powery,spearman,CR3,B-7,-0.48380893580893586,0.48380893580893586
powery,spearman,CR3,B-8,-0.6138175956590485,0.6138175956590485
powery,spearman,CR3,C-1,-0.31199679599679603,0.31199679599679603
powery,spearman,CR3,C-2,-0.24056437256437255,0.24056437256437255
powery,spearman,CR3,C-3,-0.14807371607371606,0.14807371607371606
powery,spearman,CR3,C-4,-0.03127667527667528,0.03127667527667528
powery,spearman,CR3,C-5,0.19574748374748377,0.19574748374748377
powery,spearman,CR3,C-6,0.8956558996558999,0.8956558996558999
powery,spearman,CR3,C-7,0.9362501762501763,0.9362501762501763
powery,spearman,CR3,C-8,0.6528752808752809,0.6528752808752809
powery,spearman,CR3,C-9,0.06325364725364725,0.06325364725364725
powery,spearman,CR3,C-10,-0.056241692241692245,0.056241692241692245
powery,spearman,CR3,C-11,-0.13655149655149657,0.13655149655149657
powery,spearman,CR3,C-12,-0.1823798783798784,0.1823798783798784
powery,spearman,CR3,C-13,-0.22110916110916112,0.22110916110916112
powery,spearman,CR3,C-14,-0.25362624162624164,0.25362624162624164
powery,spearman,CR3,C-15,-0.31795070995070995,0.31795070995070995
powery,spearman,CR4,A-2,-0.41738980538980536,0.41738980538980536
powery,spearman,CR4,B-1,-0.5918127518127518,0.5918127518127518
powery,spearman,CR4,B-2,-0.6191245511245512,0.6191245511245512
powery,spearman,CR4,B-4,-0.24064124464124467,0.24064124464124467
powery,spearman,CR4,B-5,0.27274961674961673,0.27274961674961673
powery,spearman,CR4,B-7,0.02238338238338238,0.02238338238338238
powery,spearman,CR4,B-8,-0.28078974563211484,0.28078974563211484
powery,spearman,CR4,C-1,-0.30047016047016045,0.30047016047016045
powery,spearman,CR4,C-2,-0.294999102999103,0.294999102999103
powery,spearman,CR4,C-3,-0.3276614436614437,0.3276614436614437
powery,spearman,CR4,C-4,-0.29101446301446304,0.29101446301446304
powery,spearman,CR4,C-5,-0.2551954831954832,0.2551954831954832
powery,spearman,CR4,C-6,-0.09636000036000036,0.09636000036000036
powery,spearman,CR4,C-7,0.06751961551961552,0.06751961551961552
powery,spearman,CR4,C-8,0.6742872262872264,0.6742872262872264
powery,spearman,CR4,C-9,0.9385849465849468,0.9385849465849468
powery,spearman,CR4,C-10,0.9025218145218146,0.9025218145218146
powery,spearman,CR4,C-11,0.23194035994035997,0.23194035994035997
powery,spearman,CR4,C-12,-0.0100990540990541,0.0100990540990541
powery,spearman,CR4,C-13,-0.0745056985056985,0.0745056985056985
powery,spearman,CR4,C-14,-0.12293071493071496,0.12293071493071496
powery,spearman,CR4,C-15,-0.21805992205992206,0.21805992205992206
powery,spearman,CR5,A-2,-0.544113064113064,0.544113064113064
powery,spearman,CR5,B-1,-0.4337947817947818,0.4337947817947818
powery,spearman,CR5,B-2,-0.5412085212085213,0.5412085212085213
powery,spearman,CR5,B-4,-0.556920964920965,0.556920964920965
powery,spearman,CR5,B-5,-0.32197740997741003,0.32197740997741003
powery,spearman,CR5,B-7,0.20764153564153565,0.20764153564153565
powery,spearman,CR5,B-8,0.16044929893064683,0.16044929893064683
powery,spearman,CR5,C-1,-0.17790450990450993,0.17790450990450993
powery,spearman,CR5,C-2,-0.20091039291039292,0.20091039291039292
powery,spearman,CR5,C-3,-0.20631531831531835,0.20631531831531835
powery,spearman,CR5,C-4,-0.1903752943752944,0.1903752943752944
powery,spearman,CR5,C-5,-0.206994554994555,0.206994554994555
powery,spearman,CR5,C-6,-0.20920466920466924,0.20920466920466924
powery,spearman,CR5,C-7,-0.1535970815970816,0.1535970815970816
powery,spearman,CR5,C-8,-0.10589006189006189,0.10589006189006189
powery,spearman,CR5,C-9,-0.041117477117477125,0.041117477117477125
powery,spearman,CR5,C-10,0.16987836187836186,0.16987836187836186
powery,spearman,CR5,C-11,0.8763144003144003,0.8763144003144003
powery,spearman,CR5,C-12,0.9168736488736489,0.9168736488736489
powery,spearman,CR5,C-13,0.6394777594777595,0.6394777594777595
powery,spearman,CR5,C-14,0.04293088293088293,0.04293088293088293
powery,spearman,CR5,C-15,-0.09847879447879447,0.09847879447879447
powery,spearman,CR6,A-2,-0.4637946437946438,0.4637946437946438
powery,spearman,CR6,B-1,-0.059325623325623335,0.059325623325623335
powery,spearman,CR6,B-2,-0.3195802635802636,0.3195802635802636
powery,spearman,CR6,B-4,-0.5880393840393842,0.5880393840393842
powery,spearman,CR6,B-5,-0.47506121506121507,0.47506121506121507
powery,spearman,CR6,B-7,-0.13790683790683791,0.13790683790683791
powery,spearman,CR6,B-8,0.21801955467361334,0.21801955467361334
powery,spearman,CR6,C-1,0.1017850617850618,0.1017850617850618
powery,spearman,CR6,C-2,-0.08351824751824752,0.08351824751824752
powery,spearman,CR6,C-3,-0.15362396162396164,0.15362396162396164
powery,spearman,CR6,C-4,-0.18623922623922626,0.18623922623922626
powery,spearman,CR6,C-5,-0.235007623007623,0.235007623007623
powery,spearman,CR6,C-6,-0.2274508434508435,0.2274508434508435
powery,spearman,CR6,C-7,-0.196004848004848,0.196004848004848
powery,spearman,CR6,C-8,-0.17086425886425888,0.17086425886425888
powery,spearman,CR6,C-9,-0.13013380613380615,0.13013380613380615
powery,spearman,CR6,C-10,-0.10195276195276196,0.10195276195276196
powery,spearman,CR6,C-11,-0.061395469395469394,0.061395469395469394
powery,spearman,CR6,C-12,0.0541919221919222,0.0541919221919222
powery,spearman,CR6,C-13,0.6368380808380809,0.6368380808380809
powery,spearman,CR6,C-14,0.9232515472515475,0.9232515472515475
powery,spearman,CR6,C-15,0.8682739122739123,0.8682739122739123
htgr,pearson,theta1,fluxQ1,-0.06676105389964068,0.06676105389964068
htgr,pearson,theta1,fluxQ2,0.01777511605233759,0.01777511605233759
htgr,pearson,theta1,fluxQ3,0.04155861661869602,0.04155861661869602
htgr,pearson,theta1,fluxQ4,0.007427321228607001,0.007427321228607001
htgr,pearson,theta2,fluxQ1,0.025798010702260246,0.025798010702260246
htgr,pearson,theta2,fluxQ2,-0.017952997494268198,0.017952997494268198
htgr,pearson,theta2,fluxQ3,-0.006224940798975068,0.006224940798975068
htgr,pearson,theta2,fluxQ4,-0.0016200724090172731,0.0016200724090172731
htgr,pearson,theta3,fluxQ1,-0.0179529974942682,0.0179529974942682
htgr,pearson,theta3,fluxQ2,0.025798010702260288,0.025798010702260288
htgr,pearson,theta3,fluxQ3,-0.001620072409017246,0.001620072409017246
htgr,pearson,theta3,fluxQ4,-0.006224940798975075,0.006224940798975075
htgr,pearson,theta4,fluxQ1,0.017775116052337583,0.017775116052337583
htgr,pearson,theta4,fluxQ2,-0.06676105389964074,0.06676105389964074
htgr,pearson,theta4,fluxQ3,0.007427321228607034,0.007427321228607034
htgr,pearson,theta4,fluxQ4,0.04155861661869602,0.04155861661869602
htgr,pearson,theta5,fluxQ1,-0.041558616618696004,0.041558616618696004
htgr,pearson,theta5,fluxQ2,-0.007427321228607015,0.007427321228607015
htgr,pearson,theta5,fluxQ3,0.06676105389964065,0.06676105389964065
htgr,pearson,theta5,fluxQ4,-0.01777511605233759,0.01777511605233759
htgr,pearson,theta6,fluxQ1,0.006224940798975067,0.006224940798975067
htgr,pearson,theta6,fluxQ2,0.0016200724090172695,0.0016200724090172695
htgr,pearson,theta6,fluxQ3,-0.025798010702260274,0.025798010702260274
htgr,pearson,theta6,fluxQ4,0.017952997494268173,0.017952997494268173
htgr,pearson,theta7,fluxQ1,0.0016200724090172755,0.0016200724090172755
htgr,pearson,theta7,fluxQ2,0.006224940798975087,0.006224940798975087
htgr,pearson,theta7,fluxQ3,0.017952997494268156,0.017952997494268156
htgr,pearson,theta7,fluxQ4,-0.025798010702260277,0.025798010702260277
htgr,pearson,theta8,fluxQ1,-0.0074273212286070185,0.0074273212286070185
htgr,pearson,theta8,fluxQ2,-0.041558616618696004,0.041558616618696004
htgr,pearson,theta8,fluxQ3,-0.017775116052337614,0.017775116052337614
htgr,pearson,theta8,fluxQ4,0.06676105389964067,0.06676105389964067
htgr,spearman,theta1,fluxQ1,-0.05858386228932284,0.05858386228932284
htgr,spearman,theta1,fluxQ2,0.004621187807120909,0.004621187807120909
htgr,spearman,theta1,fluxQ3,0.042549601880815725,0.042549601880815725
htgr,spearman,theta1,fluxQ4,-0.0009495138034643216,0.0009495138034643216
htgr,spearman,theta2,fluxQ1,0.024591609827745206,0.024591609827745206
htgr,spearman,theta2,fluxQ2,-0.023031077249049868,0.023031077249049868
htgr,spearman,theta2,fluxQ3,-0.0071225802948656014,0.0071225802948656014
htgr,spearman,theta2,fluxQ4,-0.0037976262597579405,0.0037976262597579405
htgr,spearman,theta3,fluxQ1,-0.023031077249049868,0.023031077249049868
htgr,spearman,theta3,fluxQ2,0.024591609827745206,0.024591609827745206
htgr,spearman,theta3,fluxQ3,-0.0037976262597579405,0.0037976262597579405
htgr,spearman,theta3,fluxQ4,-0.0071225802948656014,0.0071225802948656014
htgr,spearman,theta4,fluxQ1,0.004621187807120909,0.004621187807120909
htgr,spearman,theta4,fluxQ2,-0.05858386228932284,0.05858386228932284
htgr,spearman,theta4,fluxQ3,-0.0009495138034643216,0.0009495138034643216
htgr,spearman,theta4,fluxQ4,0.042549601880815725,0.042549601880815725
htgr,spearman,theta5,fluxQ1,-0.042549601880815725,0.042549601880815725
htgr,spearman,theta5,fluxQ2,0.0009495138034643216,0.0009495138034643216
htgr,spearman,theta5,fluxQ3,0.05858386228932284,0.05858386228932284
htgr,spearman,theta5,fluxQ4,-0.004621187807120909,0.004621187807120909
htgr,spearman,theta6,fluxQ1,0.0071225802948656014,0.0071225802948656014
htgr,spearman,theta6,fluxQ2,0.0037976262597579405,0.0037976262597579405
htgr,spearman,theta6,fluxQ3,-0.024591609827745206,0.024591609827745206
htgr,spearman,theta6,fluxQ4,0.023031077249049868,0.023031077249049868
htgr,spearman,theta7,fluxQ1,0.0037976262597579405,0.0037976262597579405
htgr,spearman,theta7,fluxQ2,0.0071225802948656014,0.0071225802948656014
htgr,spearman,theta7,fluxQ3,0.023031077249049868,0.023031077249049868
htgr,spearman,theta7,fluxQ4,-0.024591609827745206,0.024591609827745206
htgr,spearman,theta8,fluxQ1,0.0009495138034643216,0.0009495138034643216
htgr,spearman,theta8,fluxQ2,-0.042549601880815725,0.042549601880815725
htgr,spearman,theta8,fluxQ3,-0.004621187807120909,0.004621187807120909
htgr,spearman,theta8,fluxQ4,0.05858386228932284,0.05858386228932284
microreactor,pearson,theta1,fluxQ1,-0.19921313846170574,0.19921313846170574
microreactor,pearson,theta1,fluxQ2,0.13364906560643833,0.13364906560643833
microreactor,pearson,theta1,fluxQ3,0.12942965489252944,0.12942965489252944
microreactor,pearson,theta1,fluxQ4,-0.011229553281089483,0.011229553281089483
microreactor,pearson,theta2,fluxQ1,-0.3053443578224732,0.3053443578224732
microreactor,pearson,theta2,fluxQ2,0.056482685540567415,0.056482685540567415
microreactor,pearson,theta2,fluxQ3,0.09942389057479158,0.09942389057479158
microreactor,pearson,theta2,fluxQ4,0.08712734657519776,0.08712734657519776
microreactor,pearson,theta3,fluxQ1,0.041044420561050024,0.041044420561050024
microreactor,pearson,theta3,fluxQ2,-0.26730274625389006,0.26730274625389006
microreactor,pearson,theta3,fluxQ3,0.12651683466542246,0.12651683466542246
microreactor,pearson,theta3,fluxQ4,0.15670794531307583,0.15670794531307583
microreactor,pearson,theta4,fluxQ1,0.09707298603975242,0.09707298603975242
microreactor,pearson,theta4,fluxQ2,-0.1759497890280447,0.1759497890280447
microreactor,pearson,theta4,fluxQ3,0.05447263304246801,0.05447263304246801
microreactor,pearson,theta4,fluxQ4,0.15746848125671548,0.15746848125671548
microreactor,pearson,theta5,fluxQ1,-0.09522764405997382,0.09522764405997382
microreactor,pearson,theta5,fluxQ2,-0.03989053953411479,0.03989053953411479
microreactor,pearson,theta5,fluxQ3,0.1576326927630975,0.1576326927630975
microreactor,pearson,theta5,fluxQ4,-0.045279078758778527,0.045279078758778527
microreactor,pearson,theta6,fluxQ1,-0.2598703088180508,0.2598703088180508
microreactor,pearson,theta6,fluxQ2,-0.09782177341926812,0.09782177341926812
microreactor,pearson,theta6,fluxQ3,0.3611168329168212,0.3611168329168212
microreactor,pearson,theta6,fluxQ4,-0.08443789824962053,0.08443789824962053
microreactor,pearson,theta7,fluxQ1,-0.15010054625331853,0.15010054625331853
microreactor,pearson,theta7,fluxQ2,-0.18942187308211758,0.18942187308211758
microreactor,pearson,theta7,fluxQ3,-0.07238527614326595,0.07238527614326595
microreactor,pearson,theta7,fluxQ4,0.3169856498697361,0.3169856498697361
microreactor,pearson,theta8,fluxQ1,0.018677049179963687,0.018677049179963687
microreactor,pearson,theta8,fluxQ2,-0.10057676103115752,0.10057676103115752
microreactor,pearson,theta8,fluxQ3,-0.1265840419366766,0.1265840419366766
microreactor,pearson,theta8,fluxQ4,0.06902068484115606,0.06902068484115606
microreactor,spearman,theta1,fluxQ1,-0.182940265897132,0.182940265897132
microreactor,spearman,theta1,fluxQ2,0.12366162457096172,0.12366162457096172
microreactor,spearman,theta1,fluxQ3,0.12412755158880873,0.12412755158880873
microreactor,spearman,theta1,fluxQ4,-0.01403634007793756,0.01403634007793756
microreactor,spearman,theta2,fluxQ1,-0.28299387545085786,0.28299387545085786
microreactor,spearman,theta2,fluxQ2,0.0557598313067451,0.0557598313067451
microreactor,spearman,theta2,fluxQ3,0.092385487056503,0.092385487056503
microreactor,spearman,theta2,fluxQ4,0.07455778041839588,0.07455778041839588
microreactor,spearman,theta3,fluxQ1,0.039103547859525294,0.039103547859525294
microreactor,spearman,theta3,fluxQ2,-0.2722437639001329,0.2722437639001329
microreactor,spearman,theta3,fluxQ3,0.12955924984801823,0.12955924984801823
microreactor,spearman,theta3,fluxQ4,0.16245428739394235,0.16245428739394235
microreactor,spearman,theta4,fluxQ1,0.11424738486826107,0.11424738486826107
microreactor,spearman,theta4,fluxQ2,-0.17618923945918596,0.17618923945918596
microreactor,spearman,theta4,fluxQ3,0.0535068604271477,0.0535068604271477
microreactor,spearman,theta4,fluxQ4,0.15245949482365417,0.15245949482365417
microreactor,spearman,theta5,fluxQ1,-0.08952519788331183,0.08952519788331183
microreactor,spearman,theta5,fluxQ2,-0.02332030925639721,0.02332030925639721
microreactor,spearman,theta5,fluxQ3,0.16837177591255562,0.16837177591255562
microreactor,spearman,theta5,fluxQ4,-0.04351908226305924,0.04351908226305924
microreactor,spearman,theta6,fluxQ1,-0.24379039551848444,0.24379039551848444
microreactor,spearman,theta6,fluxQ2,-0.10710895693511585,0.10710895693511585
microreactor,spearman,theta6,fluxQ3,0.3598628132867577,0.3598628132867577
microreactor,spearman,theta6,fluxQ4,-0.08794385117065492,0.08794385117065492
microreactor,spearman,theta7,fluxQ1,-0.1462048952406556,0.1462048952406556
microreactor,spearman,theta7,fluxQ2,-0.19309277432710104,0.19309277432710104
microreactor,spearman,theta7,fluxQ3,-0.07913154331865599,0.07913154331865599
microreactor,spearman,theta7,fluxQ4,0.30973158741376455,0.30973158741376455
microreactor,spearman,theta8,fluxQ1,0.01642470206128184,0.01642470206128184
microreactor,spearman,theta8,fluxQ2,-0.08895587090980785,0.08895587090980785
microreactor,spearman,theta8,fluxQ3,-0.11751137888901927,0.11751137888901927
microreactor,spearman,theta8,fluxQ4,0.06605058930574478,0.06605058930574478
